"","folder","n_taxa"
"1","data/0.2-0-0-0/1",9
"2","data/0.2-0-0-0/10",17
"3","data/0.2-0-0-0/11",3
"4","data/0.2-0-0-0/12",4
"5","data/0.2-0-0-0/13",5
"6","data/0.2-0-0-0/14",15
"7","data/0.2-0-0-0/15",35
"8","data/0.2-0-0-0/16",6
"9","data/0.2-0-0-0/17",5
"10","data/0.2-0-0-0/18",5
"11","data/0.2-0-0-0/19",3
"12","data/0.2-0-0-0/2",4
"13","data/0.2-0-0-0/20",11
"14","data/0.2-0-0-0/21",5
"15","data/0.2-0-0-0/22",12
"16","data/0.2-0-0-0/23",35
"17","data/0.2-0-0-0/24",14
"18","data/0.2-0-0-0/25",7
"19","data/0.2-0-0-0/26",2
"20","data/0.2-0-0-0/27",9
"21","data/0.2-0-0-0/28",2
"22","data/0.2-0-0-0/29",3
"23","data/0.2-0-0-0/3",4
"24","data/0.2-0-0-0/30",3
"25","data/0.2-0-0-0/31",8
"26","data/0.2-0-0-0/32",23
"27","data/0.2-0-0-0/33",11
"28","data/0.2-0-0-0/34",5
"29","data/0.2-0-0-0/35",8
"30","data/0.2-0-0-0/36",15
"31","data/0.2-0-0-0/37",11
"32","data/0.2-0-0-0/38",8
"33","data/0.2-0-0-0/39",12
"34","data/0.2-0-0-0/4",21
"35","data/0.2-0-0-0/40",8
"36","data/0.2-0-0-0/5",5
"37","data/0.2-0-0-0/6",28
"38","data/0.2-0-0-0/7",17
"39","data/0.2-0-0-0/8",8
"40","data/0.2-0-0-0/9",4
"41","data/0.2-0-0.5-0.1/100",6
"42","data/0.2-0-0.5-0.1/101",12
"43","data/0.2-0-0.5-0.1/102",10
"44","data/0.2-0-0.5-0.1/103",2
"45","data/0.2-0-0.5-0.1/104",24
"46","data/0.2-0-0.5-0.1/105",21
"47","data/0.2-0-0.5-0.1/106",15
"48","data/0.2-0-0.5-0.1/107",10
"49","data/0.2-0-0.5-0.1/108",20
"50","data/0.2-0-0.5-0.1/109",9
"51","data/0.2-0-0.5-0.1/110",31
"52","data/0.2-0-0.5-0.1/111",20
"53","data/0.2-0-0.5-0.1/112",18
"54","data/0.2-0-0.5-0.1/113",32
"55","data/0.2-0-0.5-0.1/114",16
"56","data/0.2-0-0.5-0.1/115",13
"57","data/0.2-0-0.5-0.1/116",4
"58","data/0.2-0-0.5-0.1/117",9
"59","data/0.2-0-0.5-0.1/118",6
"60","data/0.2-0-0.5-0.1/119",5
"61","data/0.2-0-0.5-0.1/120",15
"62","data/0.2-0-0.5-0.1/81",4
"63","data/0.2-0-0.5-0.1/82",2
"64","data/0.2-0-0.5-0.1/83",7
"65","data/0.2-0-0.5-0.1/84",14
"66","data/0.2-0-0.5-0.1/85",9
"67","data/0.2-0-0.5-0.1/86",15
"68","data/0.2-0-0.5-0.1/87",2
"69","data/0.2-0-0.5-0.1/88",13
"70","data/0.2-0-0.5-0.1/89",6
"71","data/0.2-0-0.5-0.1/90",16
"72","data/0.2-0-0.5-0.1/91",10
"73","data/0.2-0-0.5-0.1/92",13
"74","data/0.2-0-0.5-0.1/93",6
"75","data/0.2-0-0.5-0.1/94",36
"76","data/0.2-0-0.5-0.1/95",13
"77","data/0.2-0-0.5-0.1/96",36
"78","data/0.2-0-0.5-0.1/97",10
"79","data/0.2-0-0.5-0.1/98",5
"80","data/0.2-0-0.5-0.1/99",5
"81","data/0.2-0-0.5-0.15/321",17
"82","data/0.2-0-0.5-0.15/322",24
"83","data/0.2-0-0.5-0.15/323",42
"84","data/0.2-0-0.5-0.15/324",10
"85","data/0.2-0-0.5-0.15/325",21
"86","data/0.2-0-0.5-0.15/326",20
"87","data/0.2-0-0.5-0.15/327",11
"88","data/0.2-0-0.5-0.15/328",16
"89","data/0.2-0-0.5-0.15/329",8
"90","data/0.2-0-0.5-0.15/330",19
"91","data/0.2-0-0.5-0.15/331",5
"92","data/0.2-0-0.5-0.15/332",19
"93","data/0.2-0-0.5-0.15/333",30
"94","data/0.2-0-0.5-0.15/334",15
"95","data/0.2-0-0.5-0.15/335",5
"96","data/0.2-0-0.5-0.15/336",36
"97","data/0.2-0-0.5-0.15/337",31
"98","data/0.2-0-0.5-0.15/338",6
"99","data/0.2-0-0.5-0.15/339",25
"100","data/0.2-0-0.5-0.15/340",9
"101","data/0.2-0-0.5-0.15/341",4
"102","data/0.2-0-0.5-0.15/342",18
"103","data/0.2-0-0.5-0.15/343",12
"104","data/0.2-0-0.5-0.15/344",14
"105","data/0.2-0-0.5-0.15/345",13
"106","data/0.2-0-0.5-0.15/346",28
"107","data/0.2-0-0.5-0.15/347",18
"108","data/0.2-0-0.5-0.15/348",23
"109","data/0.2-0-0.5-0.15/349",15
"110","data/0.2-0-0.5-0.15/350",8
"111","data/0.2-0-0.5-0.15/351",19
"112","data/0.2-0-0.5-0.15/352",17
"113","data/0.2-0-0.5-0.15/353",30
"114","data/0.2-0-0.5-0.15/354",17
"115","data/0.2-0-0.5-0.15/355",15
"116","data/0.2-0-0.5-0.15/356",64
"117","data/0.2-0-0.5-0.15/357",16
"118","data/0.2-0-0.5-0.15/358",18
"119","data/0.2-0-0.5-0.15/359",19
"120","data/0.2-0-0.5-0.15/360",11
"121","data/0.2-0-0.5-0.2/561",11
"122","data/0.2-0-0.5-0.2/562",7
"123","data/0.2-0-0.5-0.2/563",27
"124","data/0.2-0-0.5-0.2/564",24
"125","data/0.2-0-0.5-0.2/565",21
"126","data/0.2-0-0.5-0.2/566",22
"127","data/0.2-0-0.5-0.2/567",86
"128","data/0.2-0-0.5-0.2/568",31
"129","data/0.2-0-0.5-0.2/569",3
"130","data/0.2-0-0.5-0.2/570",32
"131","data/0.2-0-0.5-0.2/571",33
"132","data/0.2-0-0.5-0.2/572",44
"133","data/0.2-0-0.5-0.2/573",6
"134","data/0.2-0-0.5-0.2/574",40
"135","data/0.2-0-0.5-0.2/575",19
"136","data/0.2-0-0.5-0.2/576",44
"137","data/0.2-0-0.5-0.2/577",13
"138","data/0.2-0-0.5-0.2/578",41
"139","data/0.2-0-0.5-0.2/579",9
"140","data/0.2-0-0.5-0.2/580",14
"141","data/0.2-0-0.5-0.2/581",7
"142","data/0.2-0-0.5-0.2/582",40
"143","data/0.2-0-0.5-0.2/583",39
"144","data/0.2-0-0.5-0.2/584",21
"145","data/0.2-0-0.5-0.2/585",46
"146","data/0.2-0-0.5-0.2/586",21
"147","data/0.2-0-0.5-0.2/587",7
"148","data/0.2-0-0.5-0.2/588",39
"149","data/0.2-0-0.5-0.2/589",23
"150","data/0.2-0-0.5-0.2/590",13
"151","data/0.2-0-0.5-0.2/591",44
"152","data/0.2-0-0.5-0.2/592",16
"153","data/0.2-0-0.5-0.2/593",13
"154","data/0.2-0-0.5-0.2/594",14
"155","data/0.2-0-0.5-0.2/595",22
"156","data/0.2-0-0.5-0.2/596",15
"157","data/0.2-0-0.5-0.2/597",10
"158","data/0.2-0-0.5-0.2/598",22
"159","data/0.2-0-0.5-0.2/599",9
"160","data/0.2-0-0.5-0.2/600",13
"161","data/0.2-0-1-0.1/161",11
"162","data/0.2-0-1-0.1/162",2
"163","data/0.2-0-1-0.1/163",38
"164","data/0.2-0-1-0.1/164",14
"165","data/0.2-0-1-0.1/165",19
"166","data/0.2-0-1-0.1/166",27
"167","data/0.2-0-1-0.1/167",13
"168","data/0.2-0-1-0.1/168",43
"169","data/0.2-0-1-0.1/169",18
"170","data/0.2-0-1-0.1/170",36
"171","data/0.2-0-1-0.1/171",11
"172","data/0.2-0-1-0.1/172",24
"173","data/0.2-0-1-0.1/173",50
"174","data/0.2-0-1-0.1/174",43
"175","data/0.2-0-1-0.1/175",60
"176","data/0.2-0-1-0.1/176",4
"177","data/0.2-0-1-0.1/177",25
"178","data/0.2-0-1-0.1/178",41
"179","data/0.2-0-1-0.1/179",32
"180","data/0.2-0-1-0.1/180",28
"181","data/0.2-0-1-0.1/181",14
"182","data/0.2-0-1-0.1/182",24
"183","data/0.2-0-1-0.1/183",11
"184","data/0.2-0-1-0.1/184",16
"185","data/0.2-0-1-0.1/185",51
"186","data/0.2-0-1-0.1/186",32
"187","data/0.2-0-1-0.1/187",33
"188","data/0.2-0-1-0.1/188",9
"189","data/0.2-0-1-0.1/189",21
"190","data/0.2-0-1-0.1/190",54
"191","data/0.2-0-1-0.1/191",57
"192","data/0.2-0-1-0.1/192",3
"193","data/0.2-0-1-0.1/193",22
"194","data/0.2-0-1-0.1/194",50
"195","data/0.2-0-1-0.1/195",9
"196","data/0.2-0-1-0.1/196",45
"197","data/0.2-0-1-0.1/197",18
"198","data/0.2-0-1-0.1/198",23
"199","data/0.2-0-1-0.1/199",5
"200","data/0.2-0-1-0.1/200",32
"201","data/0.2-0-1-0.15/401",14
"202","data/0.2-0-1-0.15/402",22
"203","data/0.2-0-1-0.15/403",65
"204","data/0.2-0-1-0.15/404",69
"205","data/0.2-0-1-0.15/405",9
"206","data/0.2-0-1-0.15/406",97
"207","data/0.2-0-1-0.15/407",31
"208","data/0.2-0-1-0.15/408",7
"209","data/0.2-0-1-0.15/409",29
"210","data/0.2-0-1-0.15/410",21
"211","data/0.2-0-1-0.15/411",12
"212","data/0.2-0-1-0.15/412",56
"213","data/0.2-0-1-0.15/413",35
"214","data/0.2-0-1-0.15/414",43
"215","data/0.2-0-1-0.15/415",7
"216","data/0.2-0-1-0.15/416",17
"217","data/0.2-0-1-0.15/417",9
"218","data/0.2-0-1-0.15/418",20
"219","data/0.2-0-1-0.15/419",28
"220","data/0.2-0-1-0.15/420",39
"221","data/0.2-0-1-0.15/421",21
"222","data/0.2-0-1-0.15/422",24
"223","data/0.2-0-1-0.15/423",14
"224","data/0.2-0-1-0.15/424",31
"225","data/0.2-0-1-0.15/425",68
"226","data/0.2-0-1-0.15/426",29
"227","data/0.2-0-1-0.15/427",13
"228","data/0.2-0-1-0.15/428",48
"229","data/0.2-0-1-0.15/429",27
"230","data/0.2-0-1-0.15/430",18
"231","data/0.2-0-1-0.15/431",8
"232","data/0.2-0-1-0.15/432",55
"233","data/0.2-0-1-0.15/433",36
"234","data/0.2-0-1-0.15/434",143
"235","data/0.2-0-1-0.15/435",64
"236","data/0.2-0-1-0.15/436",38
"237","data/0.2-0-1-0.15/437",58
"238","data/0.2-0-1-0.15/438",26
"239","data/0.2-0-1-0.15/439",25
"240","data/0.2-0-1-0.15/440",43
"241","data/0.2-0-1-0.2/641",31
"242","data/0.2-0-1-0.2/642",104
"243","data/0.2-0-1-0.2/643",40
"244","data/0.2-0-1-0.2/644",37
"245","data/0.2-0-1-0.2/645",9
"246","data/0.2-0-1-0.2/646",9
"247","data/0.2-0-1-0.2/647",68
"248","data/0.2-0-1-0.2/648",16
"249","data/0.2-0-1-0.2/649",40
"250","data/0.2-0-1-0.2/650",53
"251","data/0.2-0-1-0.2/651",53
"252","data/0.2-0-1-0.2/652",14
"253","data/0.2-0-1-0.2/653",48
"254","data/0.2-0-1-0.2/654",34
"255","data/0.2-0-1-0.2/655",32
"256","data/0.2-0-1-0.2/656",47
"257","data/0.2-0-1-0.2/657",5
"258","data/0.2-0-1-0.2/658",32
"259","data/0.2-0-1-0.2/659",57
"260","data/0.2-0-1-0.2/660",156
"261","data/0.2-0-1-0.2/661",43
"262","data/0.2-0-1-0.2/662",14
"263","data/0.2-0-1-0.2/663",22
"264","data/0.2-0-1-0.2/664",71
"265","data/0.2-0-1-0.2/665",39
"266","data/0.2-0-1-0.2/666",53
"267","data/0.2-0-1-0.2/667",55
"268","data/0.2-0-1-0.2/668",15
"269","data/0.2-0-1-0.2/669",16
"270","data/0.2-0-1-0.2/670",31
"271","data/0.2-0-1-0.2/671",60
"272","data/0.2-0-1-0.2/672",14
"273","data/0.2-0-1-0.2/673",26
"274","data/0.2-0-1-0.2/674",31
"275","data/0.2-0-1-0.2/675",6
"276","data/0.2-0-1-0.2/676",62
"277","data/0.2-0-1-0.2/677",56
"278","data/0.2-0-1-0.2/678",23
"279","data/0.2-0-1-0.2/679",18
"280","data/0.2-0-1-0.2/680",26
"281","data/0.2-0-1.5-0.1/241",2
"282","data/0.2-0-1.5-0.1/242",70
"283","data/0.2-0-1.5-0.1/243",10
"284","data/0.2-0-1.5-0.1/244",9
"285","data/0.2-0-1.5-0.1/245",44
"286","data/0.2-0-1.5-0.1/246",11
"287","data/0.2-0-1.5-0.1/247",41
"288","data/0.2-0-1.5-0.1/248",38
"289","data/0.2-0-1.5-0.1/249",26
"290","data/0.2-0-1.5-0.1/250",43
"291","data/0.2-0-1.5-0.1/251",3
"292","data/0.2-0-1.5-0.1/252",10
"293","data/0.2-0-1.5-0.1/253",14
"294","data/0.2-0-1.5-0.1/254",92
"295","data/0.2-0-1.5-0.1/255",49
"296","data/0.2-0-1.5-0.1/256",14
"297","data/0.2-0-1.5-0.1/257",31
"298","data/0.2-0-1.5-0.1/258",49
"299","data/0.2-0-1.5-0.1/259",33
"300","data/0.2-0-1.5-0.1/260",23
"301","data/0.2-0-1.5-0.1/261",15
"302","data/0.2-0-1.5-0.1/262",31
"303","data/0.2-0-1.5-0.1/263",7
"304","data/0.2-0-1.5-0.1/264",37
"305","data/0.2-0-1.5-0.1/265",17
"306","data/0.2-0-1.5-0.1/266",26
"307","data/0.2-0-1.5-0.1/267",47
"308","data/0.2-0-1.5-0.1/268",33
"309","data/0.2-0-1.5-0.1/269",44
"310","data/0.2-0-1.5-0.1/270",23
"311","data/0.2-0-1.5-0.1/271",25
"312","data/0.2-0-1.5-0.1/272",72
"313","data/0.2-0-1.5-0.1/273",18
"314","data/0.2-0-1.5-0.1/274",22
"315","data/0.2-0-1.5-0.1/275",45
"316","data/0.2-0-1.5-0.1/276",35
"317","data/0.2-0-1.5-0.1/277",11
"318","data/0.2-0-1.5-0.1/278",24
"319","data/0.2-0-1.5-0.1/279",41
"320","data/0.2-0-1.5-0.1/280",48
"321","data/0.2-0-1.5-0.15/481",91
"322","data/0.2-0-1.5-0.15/482",24
"323","data/0.2-0-1.5-0.15/483",9
"324","data/0.2-0-1.5-0.15/484",67
"325","data/0.2-0-1.5-0.15/485",19
"326","data/0.2-0-1.5-0.15/486",29
"327","data/0.2-0-1.5-0.15/487",75
"328","data/0.2-0-1.5-0.15/488",30
"329","data/0.2-0-1.5-0.15/489",38
"330","data/0.2-0-1.5-0.15/490",33
"331","data/0.2-0-1.5-0.15/491",17
"332","data/0.2-0-1.5-0.15/492",29
"333","data/0.2-0-1.5-0.15/493",26
"334","data/0.2-0-1.5-0.15/494",9
"335","data/0.2-0-1.5-0.15/495",21
"336","data/0.2-0-1.5-0.15/496",46
"337","data/0.2-0-1.5-0.15/497",99
"338","data/0.2-0-1.5-0.15/498",47
"339","data/0.2-0-1.5-0.15/499",28
"340","data/0.2-0-1.5-0.15/500",22
"341","data/0.2-0-1.5-0.15/501",46
"342","data/0.2-0-1.5-0.15/502",51
"343","data/0.2-0-1.5-0.15/503",144
"344","data/0.2-0-1.5-0.15/504",15
"345","data/0.2-0-1.5-0.15/505",16
"346","data/0.2-0-1.5-0.15/506",54
"347","data/0.2-0-1.5-0.15/507",142
"348","data/0.2-0-1.5-0.15/508",20
"349","data/0.2-0-1.5-0.15/509",61
"350","data/0.2-0-1.5-0.15/510",14
"351","data/0.2-0-1.5-0.15/511",91
"352","data/0.2-0-1.5-0.15/512",33
"353","data/0.2-0-1.5-0.15/513",21
"354","data/0.2-0-1.5-0.15/514",192
"355","data/0.2-0-1.5-0.15/515",54
"356","data/0.2-0-1.5-0.15/516",63
"357","data/0.2-0-1.5-0.15/517",70
"358","data/0.2-0-1.5-0.15/518",29
"359","data/0.2-0-1.5-0.15/519",113
"360","data/0.2-0-1.5-0.15/520",5
"361","data/0.2-0-1.5-0.2/721",54
"362","data/0.2-0-1.5-0.2/722",118
"363","data/0.2-0-1.5-0.2/723",192
"364","data/0.2-0-1.5-0.2/724",28
"365","data/0.2-0-1.5-0.2/725",123
"366","data/0.2-0-1.5-0.2/726",72
"367","data/0.2-0-1.5-0.2/727",205
"368","data/0.2-0-1.5-0.2/728",27
"369","data/0.2-0-1.5-0.2/729",14
"370","data/0.2-0-1.5-0.2/730",101
"371","data/0.2-0-1.5-0.2/731",36
"372","data/0.2-0-1.5-0.2/732",120
"373","data/0.2-0-1.5-0.2/733",162
"374","data/0.2-0-1.5-0.2/734",26
"375","data/0.2-0-1.5-0.2/735",180
"376","data/0.2-0-1.5-0.2/736",24
"377","data/0.2-0-1.5-0.2/737",59
"378","data/0.2-0-1.5-0.2/738",76
"379","data/0.2-0-1.5-0.2/739",25
"380","data/0.2-0-1.5-0.2/740",128
"381","data/0.2-0-1.5-0.2/741",8
"382","data/0.2-0-1.5-0.2/742",98
"383","data/0.2-0-1.5-0.2/743",15
"384","data/0.2-0-1.5-0.2/744",43
"385","data/0.2-0-1.5-0.2/745",30
"386","data/0.2-0-1.5-0.2/746",368
"387","data/0.2-0-1.5-0.2/747",156
"388","data/0.2-0-1.5-0.2/748",62
"389","data/0.2-0-1.5-0.2/749",667
"390","data/0.2-0-1.5-0.2/750",577
"391","data/0.2-0-1.5-0.2/751",13
"392","data/0.2-0-1.5-0.2/752",84
"393","data/0.2-0-1.5-0.2/753",95
"394","data/0.2-0-1.5-0.2/754",208
"395","data/0.2-0-1.5-0.2/755",40
"396","data/0.2-0-1.5-0.2/756",269
"397","data/0.2-0-1.5-0.2/757",346
"398","data/0.2-0-1.5-0.2/758",205
"399","data/0.2-0-1.5-0.2/759",34
"400","data/0.2-0-1.5-0.2/760",114
"401","data/0.2-0.1-0-0/41",2
"402","data/0.2-0.1-0-0/42",5
"403","data/0.2-0.1-0-0/43",5
"404","data/0.2-0.1-0-0/44",9
"405","data/0.2-0.1-0-0/45",21
"406","data/0.2-0.1-0-0/46",14
"407","data/0.2-0.1-0-0/47",7
"408","data/0.2-0.1-0-0/48",16
"409","data/0.2-0.1-0-0/49",10
"410","data/0.2-0.1-0-0/50",8
"411","data/0.2-0.1-0-0/51",11
"412","data/0.2-0.1-0-0/52",4
"413","data/0.2-0.1-0-0/53",3
"414","data/0.2-0.1-0-0/54",7
"415","data/0.2-0.1-0-0/55",6
"416","data/0.2-0.1-0-0/56",3
"417","data/0.2-0.1-0-0/57",8
"418","data/0.2-0.1-0-0/58",5
"419","data/0.2-0.1-0-0/59",9
"420","data/0.2-0.1-0-0/60",8
"421","data/0.2-0.1-0-0/61",7
"422","data/0.2-0.1-0-0/62",11
"423","data/0.2-0.1-0-0/63",10
"424","data/0.2-0.1-0-0/64",2
"425","data/0.2-0.1-0-0/65",3
"426","data/0.2-0.1-0-0/66",6
"427","data/0.2-0.1-0-0/67",7
"428","data/0.2-0.1-0-0/68",5
"429","data/0.2-0.1-0-0/69",4
"430","data/0.2-0.1-0-0/70",13
"431","data/0.2-0.1-0-0/71",14
"432","data/0.2-0.1-0-0/72",6
"433","data/0.2-0.1-0-0/73",2
"434","data/0.2-0.1-0-0/74",3
"435","data/0.2-0.1-0-0/75",5
"436","data/0.2-0.1-0-0/76",13
"437","data/0.2-0.1-0-0/77",5
"438","data/0.2-0.1-0-0/78",7
"439","data/0.2-0.1-0-0/79",9
"440","data/0.2-0.1-0-0/80",4
"441","data/0.2-0.1-0.5-0.1/121",10
"442","data/0.2-0.1-0.5-0.1/122",12
"443","data/0.2-0.1-0.5-0.1/123",3
"444","data/0.2-0.1-0.5-0.1/124",17
"445","data/0.2-0.1-0.5-0.1/125",3
"446","data/0.2-0.1-0.5-0.1/126",6
"447","data/0.2-0.1-0.5-0.1/127",10
"448","data/0.2-0.1-0.5-0.1/128",16
"449","data/0.2-0.1-0.5-0.1/129",5
"450","data/0.2-0.1-0.5-0.1/130",16
"451","data/0.2-0.1-0.5-0.1/131",16
"452","data/0.2-0.1-0.5-0.1/132",12
"453","data/0.2-0.1-0.5-0.1/133",7
"454","data/0.2-0.1-0.5-0.1/134",9
"455","data/0.2-0.1-0.5-0.1/135",6
"456","data/0.2-0.1-0.5-0.1/136",5
"457","data/0.2-0.1-0.5-0.1/137",7
"458","data/0.2-0.1-0.5-0.1/138",3
"459","data/0.2-0.1-0.5-0.1/139",13
"460","data/0.2-0.1-0.5-0.1/140",16
"461","data/0.2-0.1-0.5-0.1/141",6
"462","data/0.2-0.1-0.5-0.1/142",13
"463","data/0.2-0.1-0.5-0.1/143",3
"464","data/0.2-0.1-0.5-0.1/144",8
"465","data/0.2-0.1-0.5-0.1/145",3
"466","data/0.2-0.1-0.5-0.1/146",8
"467","data/0.2-0.1-0.5-0.1/147",6
"468","data/0.2-0.1-0.5-0.1/148",8
"469","data/0.2-0.1-0.5-0.1/149",7
"470","data/0.2-0.1-0.5-0.1/150",8
"471","data/0.2-0.1-0.5-0.1/151",10
"472","data/0.2-0.1-0.5-0.1/152",5
"473","data/0.2-0.1-0.5-0.1/153",10
"474","data/0.2-0.1-0.5-0.1/154",10
"475","data/0.2-0.1-0.5-0.1/155",7
"476","data/0.2-0.1-0.5-0.1/156",8
"477","data/0.2-0.1-0.5-0.1/157",2
"478","data/0.2-0.1-0.5-0.1/158",7
"479","data/0.2-0.1-0.5-0.1/159",6
"480","data/0.2-0.1-0.5-0.1/160",14
"481","data/0.2-0.1-0.5-0.15/361",8
"482","data/0.2-0.1-0.5-0.15/362",15
"483","data/0.2-0.1-0.5-0.15/363",4
"484","data/0.2-0.1-0.5-0.15/364",15
"485","data/0.2-0.1-0.5-0.15/365",17
"486","data/0.2-0.1-0.5-0.15/366",8
"487","data/0.2-0.1-0.5-0.15/367",7
"488","data/0.2-0.1-0.5-0.15/368",7
"489","data/0.2-0.1-0.5-0.15/369",7
"490","data/0.2-0.1-0.5-0.15/370",18
"491","data/0.2-0.1-0.5-0.15/371",18
"492","data/0.2-0.1-0.5-0.15/372",4
"493","data/0.2-0.1-0.5-0.15/373",11
"494","data/0.2-0.1-0.5-0.15/374",29
"495","data/0.2-0.1-0.5-0.15/375",15
"496","data/0.2-0.1-0.5-0.15/376",7
"497","data/0.2-0.1-0.5-0.15/377",15
"498","data/0.2-0.1-0.5-0.15/378",21
"499","data/0.2-0.1-0.5-0.15/379",9
"500","data/0.2-0.1-0.5-0.15/380",10
"501","data/0.2-0.1-0.5-0.15/381",10
"502","data/0.2-0.1-0.5-0.15/382",11
"503","data/0.2-0.1-0.5-0.15/383",3
"504","data/0.2-0.1-0.5-0.15/384",2
"505","data/0.2-0.1-0.5-0.15/385",11
"506","data/0.2-0.1-0.5-0.15/386",3
"507","data/0.2-0.1-0.5-0.15/387",17
"508","data/0.2-0.1-0.5-0.15/388",19
"509","data/0.2-0.1-0.5-0.15/389",6
"510","data/0.2-0.1-0.5-0.15/390",14
"511","data/0.2-0.1-0.5-0.15/391",7
"512","data/0.2-0.1-0.5-0.15/392",5
"513","data/0.2-0.1-0.5-0.15/393",18
"514","data/0.2-0.1-0.5-0.15/394",7
"515","data/0.2-0.1-0.5-0.15/395",10
"516","data/0.2-0.1-0.5-0.15/396",10
"517","data/0.2-0.1-0.5-0.15/397",3
"518","data/0.2-0.1-0.5-0.15/398",13
"519","data/0.2-0.1-0.5-0.15/399",15
"520","data/0.2-0.1-0.5-0.15/400",6
"521","data/0.2-0.1-0.5-0.2/601",11
"522","data/0.2-0.1-0.5-0.2/602",10
"523","data/0.2-0.1-0.5-0.2/603",9
"524","data/0.2-0.1-0.5-0.2/604",10
"525","data/0.2-0.1-0.5-0.2/605",12
"526","data/0.2-0.1-0.5-0.2/606",21
"527","data/0.2-0.1-0.5-0.2/607",10
"528","data/0.2-0.1-0.5-0.2/608",10
"529","data/0.2-0.1-0.5-0.2/609",15
"530","data/0.2-0.1-0.5-0.2/610",2
"531","data/0.2-0.1-0.5-0.2/611",8
"532","data/0.2-0.1-0.5-0.2/612",5
"533","data/0.2-0.1-0.5-0.2/613",8
"534","data/0.2-0.1-0.5-0.2/614",2
"535","data/0.2-0.1-0.5-0.2/615",6
"536","data/0.2-0.1-0.5-0.2/616",36
"537","data/0.2-0.1-0.5-0.2/617",29
"538","data/0.2-0.1-0.5-0.2/618",4
"539","data/0.2-0.1-0.5-0.2/619",15
"540","data/0.2-0.1-0.5-0.2/620",12
"541","data/0.2-0.1-0.5-0.2/621",8
"542","data/0.2-0.1-0.5-0.2/622",13
"543","data/0.2-0.1-0.5-0.2/623",23
"544","data/0.2-0.1-0.5-0.2/624",2
"545","data/0.2-0.1-0.5-0.2/625",9
"546","data/0.2-0.1-0.5-0.2/626",6
"547","data/0.2-0.1-0.5-0.2/627",21
"548","data/0.2-0.1-0.5-0.2/628",9
"549","data/0.2-0.1-0.5-0.2/629",13
"550","data/0.2-0.1-0.5-0.2/630",30
"551","data/0.2-0.1-0.5-0.2/631",10
"552","data/0.2-0.1-0.5-0.2/632",37
"553","data/0.2-0.1-0.5-0.2/633",17
"554","data/0.2-0.1-0.5-0.2/634",10
"555","data/0.2-0.1-0.5-0.2/635",14
"556","data/0.2-0.1-0.5-0.2/636",3
"557","data/0.2-0.1-0.5-0.2/637",12
"558","data/0.2-0.1-0.5-0.2/638",37
"559","data/0.2-0.1-0.5-0.2/639",10
"560","data/0.2-0.1-0.5-0.2/640",3
"561","data/0.2-0.1-1-0.1/201",11
"562","data/0.2-0.1-1-0.1/202",7
"563","data/0.2-0.1-1-0.1/203",4
"564","data/0.2-0.1-1-0.1/204",8
"565","data/0.2-0.1-1-0.1/205",5
"566","data/0.2-0.1-1-0.1/206",7
"567","data/0.2-0.1-1-0.1/207",20
"568","data/0.2-0.1-1-0.1/208",18
"569","data/0.2-0.1-1-0.1/209",14
"570","data/0.2-0.1-1-0.1/210",9
"571","data/0.2-0.1-1-0.1/211",4
"572","data/0.2-0.1-1-0.1/212",5
"573","data/0.2-0.1-1-0.1/213",17
"574","data/0.2-0.1-1-0.1/214",21
"575","data/0.2-0.1-1-0.1/215",22
"576","data/0.2-0.1-1-0.1/216",14
"577","data/0.2-0.1-1-0.1/217",6
"578","data/0.2-0.1-1-0.1/218",33
"579","data/0.2-0.1-1-0.1/219",12
"580","data/0.2-0.1-1-0.1/220",8
"581","data/0.2-0.1-1-0.1/221",10
"582","data/0.2-0.1-1-0.1/222",18
"583","data/0.2-0.1-1-0.1/223",39
"584","data/0.2-0.1-1-0.1/224",6
"585","data/0.2-0.1-1-0.1/225",14
"586","data/0.2-0.1-1-0.1/226",14
"587","data/0.2-0.1-1-0.1/227",2
"588","data/0.2-0.1-1-0.1/228",6
"589","data/0.2-0.1-1-0.1/229",2
"590","data/0.2-0.1-1-0.1/230",9
"591","data/0.2-0.1-1-0.1/231",42
"592","data/0.2-0.1-1-0.1/232",3
"593","data/0.2-0.1-1-0.1/233",14
"594","data/0.2-0.1-1-0.1/234",11
"595","data/0.2-0.1-1-0.1/235",6
"596","data/0.2-0.1-1-0.1/236",10
"597","data/0.2-0.1-1-0.1/237",9
"598","data/0.2-0.1-1-0.1/238",18
"599","data/0.2-0.1-1-0.1/239",10
"600","data/0.2-0.1-1-0.1/240",8
"601","data/0.2-0.1-1-0.15/441",5
"602","data/0.2-0.1-1-0.15/442",21
"603","data/0.2-0.1-1-0.15/443",27
"604","data/0.2-0.1-1-0.15/444",12
"605","data/0.2-0.1-1-0.15/445",4
"606","data/0.2-0.1-1-0.15/446",10
"607","data/0.2-0.1-1-0.15/447",24
"608","data/0.2-0.1-1-0.15/448",39
"609","data/0.2-0.1-1-0.15/449",7
"610","data/0.2-0.1-1-0.15/450",21
"611","data/0.2-0.1-1-0.15/451",44
"612","data/0.2-0.1-1-0.15/452",12
"613","data/0.2-0.1-1-0.15/453",4
"614","data/0.2-0.1-1-0.15/454",9
"615","data/0.2-0.1-1-0.15/455",8
"616","data/0.2-0.1-1-0.15/456",31
"617","data/0.2-0.1-1-0.15/457",12
"618","data/0.2-0.1-1-0.15/458",81
"619","data/0.2-0.1-1-0.15/459",9
"620","data/0.2-0.1-1-0.15/460",6
"621","data/0.2-0.1-1-0.15/461",12
"622","data/0.2-0.1-1-0.15/462",46
"623","data/0.2-0.1-1-0.15/463",8
"624","data/0.2-0.1-1-0.15/464",27
"625","data/0.2-0.1-1-0.15/465",12
"626","data/0.2-0.1-1-0.15/466",14
"627","data/0.2-0.1-1-0.15/467",48
"628","data/0.2-0.1-1-0.15/468",3
"629","data/0.2-0.1-1-0.15/469",16
"630","data/0.2-0.1-1-0.15/470",12
"631","data/0.2-0.1-1-0.15/471",8
"632","data/0.2-0.1-1-0.15/472",11
"633","data/0.2-0.1-1-0.15/473",16
"634","data/0.2-0.1-1-0.15/474",38
"635","data/0.2-0.1-1-0.15/475",5
"636","data/0.2-0.1-1-0.15/476",10
"637","data/0.2-0.1-1-0.15/477",46
"638","data/0.2-0.1-1-0.15/478",25
"639","data/0.2-0.1-1-0.15/479",18
"640","data/0.2-0.1-1-0.15/480",18
"641","data/0.2-0.1-1-0.2/681",18
"642","data/0.2-0.1-1-0.2/682",93
"643","data/0.2-0.1-1-0.2/683",24
"644","data/0.2-0.1-1-0.2/684",7
"645","data/0.2-0.1-1-0.2/685",37
"646","data/0.2-0.1-1-0.2/686",125
"647","data/0.2-0.1-1-0.2/687",41
"648","data/0.2-0.1-1-0.2/688",15
"649","data/0.2-0.1-1-0.2/689",66
"650","data/0.2-0.1-1-0.2/690",11
"651","data/0.2-0.1-1-0.2/691",48
"652","data/0.2-0.1-1-0.2/692",7
"653","data/0.2-0.1-1-0.2/693",14
"654","data/0.2-0.1-1-0.2/694",15
"655","data/0.2-0.1-1-0.2/695",62
"656","data/0.2-0.1-1-0.2/696",36
"657","data/0.2-0.1-1-0.2/697",14
"658","data/0.2-0.1-1-0.2/698",19
"659","data/0.2-0.1-1-0.2/699",30
"660","data/0.2-0.1-1-0.2/700",30
"661","data/0.2-0.1-1-0.2/701",6
"662","data/0.2-0.1-1-0.2/702",3
"663","data/0.2-0.1-1-0.2/703",12
"664","data/0.2-0.1-1-0.2/704",123
"665","data/0.2-0.1-1-0.2/705",58
"666","data/0.2-0.1-1-0.2/706",20
"667","data/0.2-0.1-1-0.2/707",29
"668","data/0.2-0.1-1-0.2/708",63
"669","data/0.2-0.1-1-0.2/709",24
"670","data/0.2-0.1-1-0.2/710",11
"671","data/0.2-0.1-1-0.2/711",32
"672","data/0.2-0.1-1-0.2/712",30
"673","data/0.2-0.1-1-0.2/713",33
"674","data/0.2-0.1-1-0.2/714",23
"675","data/0.2-0.1-1-0.2/715",44
"676","data/0.2-0.1-1-0.2/716",11
"677","data/0.2-0.1-1-0.2/717",34
"678","data/0.2-0.1-1-0.2/718",19
"679","data/0.2-0.1-1-0.2/719",15
"680","data/0.2-0.1-1-0.2/720",9
"681","data/0.2-0.1-1.5-0.1/281",33
"682","data/0.2-0.1-1.5-0.1/282",53
"683","data/0.2-0.1-1.5-0.1/283",15
"684","data/0.2-0.1-1.5-0.1/284",2
"685","data/0.2-0.1-1.5-0.1/285",9
"686","data/0.2-0.1-1.5-0.1/286",38
"687","data/0.2-0.1-1.5-0.1/287",21
"688","data/0.2-0.1-1.5-0.1/288",23
"689","data/0.2-0.1-1.5-0.1/289",25
"690","data/0.2-0.1-1.5-0.1/290",81
"691","data/0.2-0.1-1.5-0.1/291",12
"692","data/0.2-0.1-1.5-0.1/292",17
"693","data/0.2-0.1-1.5-0.1/293",11
"694","data/0.2-0.1-1.5-0.1/294",41
"695","data/0.2-0.1-1.5-0.1/295",16
"696","data/0.2-0.1-1.5-0.1/296",33
"697","data/0.2-0.1-1.5-0.1/297",13
"698","data/0.2-0.1-1.5-0.1/298",42
"699","data/0.2-0.1-1.5-0.1/299",9
"700","data/0.2-0.1-1.5-0.1/300",16
"701","data/0.2-0.1-1.5-0.1/301",6
"702","data/0.2-0.1-1.5-0.1/302",24
"703","data/0.2-0.1-1.5-0.1/303",15
"704","data/0.2-0.1-1.5-0.1/304",17
"705","data/0.2-0.1-1.5-0.1/305",8
"706","data/0.2-0.1-1.5-0.1/306",22
"707","data/0.2-0.1-1.5-0.1/307",24
"708","data/0.2-0.1-1.5-0.1/308",52
"709","data/0.2-0.1-1.5-0.1/309",5
"710","data/0.2-0.1-1.5-0.1/310",20
"711","data/0.2-0.1-1.5-0.1/311",23
"712","data/0.2-0.1-1.5-0.1/312",58
"713","data/0.2-0.1-1.5-0.1/313",15
"714","data/0.2-0.1-1.5-0.1/314",22
"715","data/0.2-0.1-1.5-0.1/315",16
"716","data/0.2-0.1-1.5-0.1/316",38
"717","data/0.2-0.1-1.5-0.1/317",6
"718","data/0.2-0.1-1.5-0.1/318",32
"719","data/0.2-0.1-1.5-0.1/319",15
"720","data/0.2-0.1-1.5-0.1/320",11
"721","data/0.2-0.1-1.5-0.15/521",18
"722","data/0.2-0.1-1.5-0.15/522",105
"723","data/0.2-0.1-1.5-0.15/523",81
"724","data/0.2-0.1-1.5-0.15/524",54
"725","data/0.2-0.1-1.5-0.15/525",9
"726","data/0.2-0.1-1.5-0.15/526",8
"727","data/0.2-0.1-1.5-0.15/527",7
"728","data/0.2-0.1-1.5-0.15/528",48
"729","data/0.2-0.1-1.5-0.15/529",44
"730","data/0.2-0.1-1.5-0.15/530",19
"731","data/0.2-0.1-1.5-0.15/531",15
"732","data/0.2-0.1-1.5-0.15/532",38
"733","data/0.2-0.1-1.5-0.15/533",75
"734","data/0.2-0.1-1.5-0.15/534",41
"735","data/0.2-0.1-1.5-0.15/535",62
"736","data/0.2-0.1-1.5-0.15/536",21
"737","data/0.2-0.1-1.5-0.15/537",18
"738","data/0.2-0.1-1.5-0.15/538",60
"739","data/0.2-0.1-1.5-0.15/539",71
"740","data/0.2-0.1-1.5-0.15/540",23
"741","data/0.2-0.1-1.5-0.15/541",23
"742","data/0.2-0.1-1.5-0.15/542",46
"743","data/0.2-0.1-1.5-0.15/543",48
"744","data/0.2-0.1-1.5-0.15/544",7
"745","data/0.2-0.1-1.5-0.15/545",24
"746","data/0.2-0.1-1.5-0.15/546",69
"747","data/0.2-0.1-1.5-0.15/547",17
"748","data/0.2-0.1-1.5-0.15/548",34
"749","data/0.2-0.1-1.5-0.15/549",147
"750","data/0.2-0.1-1.5-0.15/550",12
"751","data/0.2-0.1-1.5-0.15/551",36
"752","data/0.2-0.1-1.5-0.15/552",7
"753","data/0.2-0.1-1.5-0.15/553",19
"754","data/0.2-0.1-1.5-0.15/554",65
"755","data/0.2-0.1-1.5-0.15/555",25
"756","data/0.2-0.1-1.5-0.15/556",37
"757","data/0.2-0.1-1.5-0.15/557",7
"758","data/0.2-0.1-1.5-0.15/558",40
"759","data/0.2-0.1-1.5-0.15/559",17
"760","data/0.2-0.1-1.5-0.15/560",2
"761","data/0.2-0.1-1.5-0.2/761",40
"762","data/0.2-0.1-1.5-0.2/762",23
"763","data/0.2-0.1-1.5-0.2/763",42
"764","data/0.2-0.1-1.5-0.2/764",35
"765","data/0.2-0.1-1.5-0.2/765",49
"766","data/0.2-0.1-1.5-0.2/766",22
"767","data/0.2-0.1-1.5-0.2/767",34
"768","data/0.2-0.1-1.5-0.2/768",17
"769","data/0.2-0.1-1.5-0.2/769",18
"770","data/0.2-0.1-1.5-0.2/770",6
"771","data/0.2-0.1-1.5-0.2/771",286
"772","data/0.2-0.1-1.5-0.2/772",10
"773","data/0.2-0.1-1.5-0.2/773",110
"774","data/0.2-0.1-1.5-0.2/774",85
"775","data/0.2-0.1-1.5-0.2/775",31
"776","data/0.2-0.1-1.5-0.2/776",142
"777","data/0.2-0.1-1.5-0.2/777",40
"778","data/0.2-0.1-1.5-0.2/778",26
"779","data/0.2-0.1-1.5-0.2/779",34
"780","data/0.2-0.1-1.5-0.2/780",36
"781","data/0.2-0.1-1.5-0.2/781",47
"782","data/0.2-0.1-1.5-0.2/782",64
"783","data/0.2-0.1-1.5-0.2/783",54
"784","data/0.2-0.1-1.5-0.2/784",76
"785","data/0.2-0.1-1.5-0.2/785",212
"786","data/0.2-0.1-1.5-0.2/786",104
"787","data/0.2-0.1-1.5-0.2/787",10
"788","data/0.2-0.1-1.5-0.2/788",32
"789","data/0.2-0.1-1.5-0.2/789",11
"790","data/0.2-0.1-1.5-0.2/790",79
"791","data/0.2-0.1-1.5-0.2/791",56
"792","data/0.2-0.1-1.5-0.2/792",5
"793","data/0.2-0.1-1.5-0.2/793",241
"794","data/0.2-0.1-1.5-0.2/794",68
"795","data/0.2-0.1-1.5-0.2/795",71
"796","data/0.2-0.1-1.5-0.2/796",25
"797","data/0.2-0.1-1.5-0.2/797",13
"798","data/0.2-0.1-1.5-0.2/798",34
"799","data/0.2-0.1-1.5-0.2/799",137
"800","data/0.2-0.1-1.5-0.2/800",16
