"","filename","state","cpu_time"
"1","/home/p230198/GitHubs/razzo_project_391/run_r_cmd_9438217.log","COMPLETED","00:55:47"
"2","/home/p230198/GitHubs/razzo_project_391/run_r_cmd_9438218.log","COMPLETED","01:41:06"
"3","/home/p230198/GitHubs/razzo_project_391/run_r_cmd_9438219.log","COMPLETED","01:12:48"
"4","/home/p230198/GitHubs/razzo_project_391/run_r_cmd_9438220.log","COMPLETED","00:33:20"
"5","/home/p230198/GitHubs/razzo_project_391/run_r_cmd_9438221.log","COMPLETED","00:11:17"
"6","/home/p230198/GitHubs/razzo_project_391/run_r_cmd_9438222.log","COMPLETED","00:15:20"
"7","/home/p230198/GitHubs/razzo_project_391/run_r_cmd_9438223.log","COMPLETED","00:19:02"
"8","/home/p230198/GitHubs/razzo_project_391/run_r_cmd_9438224.log","COMPLETED","00:02:34"
"9","/home/p230198/GitHubs/razzo_project_391/run_r_cmd_9438225.log","COMPLETED","00:51:11"
"10","/home/p230198/GitHubs/razzo_project_391/run_r_cmd_9438226.log","COMPLETED","01:15:40"
"11","/home/p230198/GitHubs/razzo_project_391/run_r_cmd_9438227.log","COMPLETED","00:15:15"
"12","/home/p230198/GitHubs/razzo_project_391/run_r_cmd_9438228.log","COMPLETED","00:46:59"
"13","/home/p230198/GitHubs/razzo_project_391/run_r_cmd_9438229.log","COMPLETED","02:16:49"
"14","/home/p230198/GitHubs/razzo_project_391/run_r_cmd_9438230.log","COMPLETED","02:01:13"
"15","/home/p230198/GitHubs/razzo_project_391/run_r_cmd_9438231.log","COMPLETED","01:06:01"
"16","/home/p230198/GitHubs/razzo_project_391/run_r_cmd_9438232.log","COMPLETED","00:31:03"
"17","/home/p230198/GitHubs/razzo_project_391/run_r_cmd_9438233.log","COMPLETED","01:07:21"
"18","/home/p230198/GitHubs/razzo_project_391/run_r_cmd_9438234.log","COMPLETED","01:14:46"
"19","/home/p230198/GitHubs/razzo_project_391/run_r_cmd_9438235.log","COMPLETED","01:22:51"
"20","/home/p230198/GitHubs/razzo_project_391/run_r_cmd_9438236.log","COMPLETED","00:20:26"
"21","/home/p230198/GitHubs/razzo_project_391/run_r_cmd_9438237.log","COMPLETED","01:17:02"
"22","/home/p230198/GitHubs/razzo_project_391/run_r_cmd_9438238.log","COMPLETED","00:09:57"
"23","/home/p230198/GitHubs/razzo_project_391/run_r_cmd_9438239.log","COMPLETED","00:45:45"
"24","/home/p230198/GitHubs/razzo_project_391/run_r_cmd_9438240.log","COMPLETED","00:54:36"
"25","/home/p230198/GitHubs/razzo_project_391/run_r_cmd_9438241.log","COMPLETED","01:22:14"
"26","/home/p230198/GitHubs/razzo_project_391/run_r_cmd_9438242.log","COMPLETED","00:53:56"
"27","/home/p230198/GitHubs/razzo_project_391/run_r_cmd_9438243.log","COMPLETED","00:10:20"
"28","/home/p230198/GitHubs/razzo_project_391/run_r_cmd_9438244.log","COMPLETED","00:23:32"
"29","/home/p230198/GitHubs/razzo_project_391/run_r_cmd_9438245.log","COMPLETED","01:25:42"
"30","/home/p230198/GitHubs/razzo_project_391/run_r_cmd_9438246.log","COMPLETED","01:06:10"
"31","/home/p230198/GitHubs/razzo_project_391/run_r_cmd_9438247.log","COMPLETED","02:17:52"
"32","/home/p230198/GitHubs/razzo_project_391/run_r_cmd_9438248.log","COMPLETED","00:03:45"
"33","/home/p230198/GitHubs/razzo_project_391/run_r_cmd_9438249.log","COMPLETED","00:26:32"
"34","/home/p230198/GitHubs/razzo_project_391/run_r_cmd_9438250.log","COMPLETED","00:15:42"
"35","/home/p230198/GitHubs/razzo_project_391/run_r_cmd_9438251.log","COMPLETED","02:01:30"
"36","/home/p230198/GitHubs/razzo_project_391/run_r_cmd_9438252.log","COMPLETED","01:25:26"
"37","/home/p230198/GitHubs/razzo_project_391/run_r_cmd_9438253.log","COMPLETED","01:11:30"
"38","/home/p230198/GitHubs/razzo_project_391/run_r_cmd_9438254.log","COMPLETED","00:54:58"
"39","/home/p230198/GitHubs/razzo_project_391/run_r_cmd_9438255.log","COMPLETED","00:02:52"
"40","/home/p230198/GitHubs/razzo_project_391/run_r_cmd_9438256.log","COMPLETED","00:52:06"
"41","/home/p230198/GitHubs/razzo_project_391/run_r_cmd_9438257.log","COMPLETED","11:21:31"
"42","/home/p230198/GitHubs/razzo_project_391/run_r_cmd_9438258.log","COMPLETED","21:21:08"
"43","/home/p230198/GitHubs/razzo_project_391/run_r_cmd_9438259.log","COMPLETED","16:34:43"
"44","/home/p230198/GitHubs/razzo_project_391/run_r_cmd_9438260.log","COMPLETED","01:54:15"
"45","/home/p230198/GitHubs/razzo_project_391/run_r_cmd_9438261.log","COMPLETED","04:09:02"
"46","/home/p230198/GitHubs/razzo_project_391/run_r_cmd_9438262.log","COMPLETED","00:42:02"
"47","/home/p230198/GitHubs/razzo_project_391/run_r_cmd_9438263.log","CANCELLED","11:59:25"
"48","/home/p230198/GitHubs/razzo_project_391/run_r_cmd_9438264.log","CANCELLED","11:59:20"
"49","/home/p230198/GitHubs/razzo_project_391/run_r_cmd_9438265.log","COMPLETED","07:56:58"
"50","/home/p230198/GitHubs/razzo_project_391/run_r_cmd_9438266.log","COMPLETED","00:39:03"
"51","/home/p230198/GitHubs/razzo_project_391/run_r_cmd_9438267.log","COMPLETED","03:29:38"
"52","/home/p230198/GitHubs/razzo_project_391/run_r_cmd_9438268.log","COMPLETED","05:31:52"
"53","/home/p230198/GitHubs/razzo_project_391/run_r_cmd_9438269.log","COMPLETED","05:17:39"
"54","/home/p230198/GitHubs/razzo_project_391/run_r_cmd_9438270.log","COMPLETED","01:08:32"
"55","/home/p230198/GitHubs/razzo_project_391/run_r_cmd_9438271.log","COMPLETED","00:45:52"
"56","/home/p230198/GitHubs/razzo_project_391/run_r_cmd_9438272.log","COMPLETED","02:28:46"
"57","/home/p230198/GitHubs/razzo_project_391/run_r_cmd_9438273.log","COMPLETED","06:06:24"
"58","/home/p230198/GitHubs/razzo_project_391/run_r_cmd_9438274.log","COMPLETED","01:44:07"
"59","/home/p230198/GitHubs/razzo_project_391/run_r_cmd_9438275.log","COMPLETED","03:07:14"
"60","/home/p230198/GitHubs/razzo_project_391/run_r_cmd_9438276.log","COMPLETED","08:00:16"
"61","/home/p230198/GitHubs/razzo_project_391/run_r_cmd_9438277.log","CANCELLED","11:47:23"
"62","/home/p230198/GitHubs/razzo_project_391/run_r_cmd_9438278.log","CANCELLED","11:59:07"
"63","/home/p230198/GitHubs/razzo_project_391/run_r_cmd_9438279.log","CANCELLED","11:56:58"
"64","/home/p230198/GitHubs/razzo_project_391/run_r_cmd_9438280.log","COMPLETED","03:31:36"
"65","/home/p230198/GitHubs/razzo_project_391/run_r_cmd_9438281.log","COMPLETED","08:16:16"
"66","/home/p230198/GitHubs/razzo_project_391/run_r_cmd_9438283.log","COMPLETED","01:38:47"
"67","/home/p230198/GitHubs/razzo_project_391/run_r_cmd_9438284.log","COMPLETED","02:14:33"
"68","/home/p230198/GitHubs/razzo_project_391/run_r_cmd_9438285.log","COMPLETED","07:32:14"
"69","/home/p230198/GitHubs/razzo_project_391/run_r_cmd_9438286.log","COMPLETED","02:53:06"
"70","/home/p230198/GitHubs/razzo_project_391/run_r_cmd_9438287.log","CANCELLED","11:40:58"
"71","/home/p230198/GitHubs/razzo_project_391/run_r_cmd_9438288.log","COMPLETED","01:34:47"
"72","/home/p230198/GitHubs/razzo_project_391/run_r_cmd_9438289.log","COMPLETED","01:26:11"
"73","/home/p230198/GitHubs/razzo_project_391/run_r_cmd_9438290.log","CANCELLED","11:59:30"
"74","/home/p230198/GitHubs/razzo_project_391/run_r_cmd_9438291.log","COMPLETED","07:41:27"
"75","/home/p230198/GitHubs/razzo_project_391/run_r_cmd_9438292.log","CANCELLED","11:59:38"
"76","/home/p230198/GitHubs/razzo_project_391/run_r_cmd_9438293.log","COMPLETED","08:10:14"
"77","/home/p230198/GitHubs/razzo_project_391/run_r_cmd_9438294.log","COMPLETED","04:28:32"
"78","/home/p230198/GitHubs/razzo_project_391/run_r_cmd_9438295.log","COMPLETED","02:00:29"
"79","/home/p230198/GitHubs/razzo_project_391/run_r_cmd_9438296.log","COMPLETED","02:20:27"
"80","/home/p230198/GitHubs/razzo_project_391/run_r_cmd_9438297.log","COMPLETED","18:35:31"
"81","/home/p230198/GitHubs/razzo_project_391/run_r_cmd_9438298.log","COMPLETED","01:38:42"
"82","/home/p230198/GitHubs/razzo_project_391/run_r_cmd_9438299.log","COMPLETED","03:01:32"
"83","/home/p230198/GitHubs/razzo_project_391/run_r_cmd_9438300.log","COMPLETED","03:27:45"
"84","/home/p230198/GitHubs/razzo_project_391/run_r_cmd_9438301.log","COMPLETED","02:35:41"
"85","/home/p230198/GitHubs/razzo_project_391/run_r_cmd_9438302.log","COMPLETED","02:15:51"
"86","/home/p230198/GitHubs/razzo_project_391/run_r_cmd_9438303.log","COMPLETED","02:56:47"
"87","/home/p230198/GitHubs/razzo_project_391/run_r_cmd_9438304.log","COMPLETED","09:14:16"
"88","/home/p230198/GitHubs/razzo_project_391/run_r_cmd_9438305.log","COMPLETED","01:41:57"
"89","/home/p230198/GitHubs/razzo_project_391/run_r_cmd_9438306.log","COMPLETED","00:09:23"
"90","/home/p230198/GitHubs/razzo_project_391/run_r_cmd_9438307.log","COMPLETED","00:35:15"
"91","/home/p230198/GitHubs/razzo_project_391/run_r_cmd_9438308.log","COMPLETED","01:15:15"
"92","/home/p230198/GitHubs/razzo_project_391/run_r_cmd_9438309.log","CANCELLED","11:58:09"
"93","/home/p230198/GitHubs/razzo_project_391/run_r_cmd_9438310.log","COMPLETED","06:34:16"
"94","/home/p230198/GitHubs/razzo_project_391/run_r_cmd_9438311.log","COMPLETED","02:29:12"
"95","/home/p230198/GitHubs/razzo_project_391/run_r_cmd_9438312.log","COMPLETED","01:16:15"
"96","/home/p230198/GitHubs/razzo_project_391/run_r_cmd_9438313.log","CANCELLED","11:45:27"
"97","/home/p230198/GitHubs/razzo_project_391/run_r_cmd_9438314.log","COMPLETED","04:41:05"
"98","/home/p230198/GitHubs/razzo_project_391/run_r_cmd_9438315.log","COMPLETED","03:34:39"
"99","/home/p230198/GitHubs/razzo_project_391/run_r_cmd_9438316.log","COMPLETED","01:25:01"
"100","/home/p230198/GitHubs/razzo_project_391/run_r_cmd_9438317.log","COMPLETED","02:12:07"
"101","/home/p230198/GitHubs/razzo_project_391/run_r_cmd_9438318.log","CANCELLED","11:59:26"
"102","/home/p230198/GitHubs/razzo_project_391/run_r_cmd_9438319.log","COMPLETED","02:03:28"
"103","/home/p230198/GitHubs/razzo_project_391/run_r_cmd_9438320.log","COMPLETED","01:07:57"
"104","/home/p230198/GitHubs/razzo_project_391/run_r_cmd_9438321.log","COMPLETED","10:14:04"
"105","/home/p230198/GitHubs/razzo_project_391/run_r_cmd_9438322.log","COMPLETED","00:12:54"
"106","/home/p230198/GitHubs/razzo_project_391/run_r_cmd_9438323.log","COMPLETED","00:54:12"
"107","/home/p230198/GitHubs/razzo_project_391/run_r_cmd_9438324.log","COMPLETED","02:15:02"
"108","/home/p230198/GitHubs/razzo_project_391/run_r_cmd_9438325.log","COMPLETED","04:20:24"
"109","/home/p230198/GitHubs/razzo_project_391/run_r_cmd_9438326.log","COMPLETED","05:14:31"
"110","/home/p230198/GitHubs/razzo_project_391/run_r_cmd_9438327.log","COMPLETED","07:17:18"
"111","/home/p230198/GitHubs/razzo_project_391/run_r_cmd_9438328.log","COMPLETED","04:14:44"
"112","/home/p230198/GitHubs/razzo_project_391/run_r_cmd_9438329.log","COMPLETED","00:47:38"
"113","/home/p230198/GitHubs/razzo_project_391/run_r_cmd_9438330.log","COMPLETED","01:43:03"
"114","/home/p230198/GitHubs/razzo_project_391/run_r_cmd_9438331.log","COMPLETED","02:07:50"
"115","/home/p230198/GitHubs/razzo_project_391/run_r_cmd_9438332.log","COMPLETED","02:01:58"
"116","/home/p230198/GitHubs/razzo_project_391/run_r_cmd_9438333.log","COMPLETED","03:10:49"
"117","/home/p230198/GitHubs/razzo_project_391/run_r_cmd_9438334.log","COMPLETED","02:00:51"
"118","/home/p230198/GitHubs/razzo_project_391/run_r_cmd_9438335.log","COMPLETED","03:51:06"
"119","/home/p230198/GitHubs/razzo_project_391/run_r_cmd_9438336.log","COMPLETED","00:44:15"
"120","/home/p230198/GitHubs/razzo_project_391/run_r_cmd_9438337.log","COMPLETED","04:55:31"
"121","/home/p230198/GitHubs/razzo_project_391/run_r_cmd_9438338.log","COMPLETED","01:28:52"
"122","/home/p230198/GitHubs/razzo_project_391/run_r_cmd_9438339.log","COMPLETED","00:41:22"
"123","/home/p230198/GitHubs/razzo_project_391/run_r_cmd_9438340.log","COMPLETED","00:53:52"
"124","/home/p230198/GitHubs/razzo_project_391/run_r_cmd_9438341.log","COMPLETED","00:20:01"
"125","/home/p230198/GitHubs/razzo_project_391/run_r_cmd_9438342.log","COMPLETED","00:03:03"
"126","/home/p230198/GitHubs/razzo_project_391/run_r_cmd_9438343.log","COMPLETED","01:08:11"
"127","/home/p230198/GitHubs/razzo_project_391/run_r_cmd_9438344.log","COMPLETED","00:25:57"
"128","/home/p230198/GitHubs/razzo_project_391/run_r_cmd_9438345.log","COMPLETED","00:20:24"
"129","/home/p230198/GitHubs/razzo_project_391/run_r_cmd_9438346.log","COMPLETED","00:31:30"
"130","/home/p230198/GitHubs/razzo_project_391/run_r_cmd_9438347.log","COMPLETED","00:34:07"
"131","/home/p230198/GitHubs/razzo_project_391/run_r_cmd_9438348.log","COMPLETED","00:15:22"
"132","/home/p230198/GitHubs/razzo_project_391/run_r_cmd_9438349.log","COMPLETED","00:59:35"
"133","/home/p230198/GitHubs/razzo_project_391/run_r_cmd_9438350.log","COMPLETED","00:51:59"
"134","/home/p230198/GitHubs/razzo_project_391/run_r_cmd_9438351.log","COMPLETED","00:25:41"
"135","/home/p230198/GitHubs/razzo_project_391/run_r_cmd_9438352.log","COMPLETED","01:36:29"
"136","/home/p230198/GitHubs/razzo_project_391/run_r_cmd_9438353.log","COMPLETED","00:44:45"
"137","/home/p230198/GitHubs/razzo_project_391/run_r_cmd_9438354.log","COMPLETED","01:20:24"
"138","/home/p230198/GitHubs/razzo_project_391/run_r_cmd_9438355.log","COMPLETED","01:03:48"
"139","/home/p230198/GitHubs/razzo_project_391/run_r_cmd_9438356.log","COMPLETED","00:30:46"
"140","/home/p230198/GitHubs/razzo_project_391/run_r_cmd_9438357.log","COMPLETED","00:05:55"
"141","/home/p230198/GitHubs/razzo_project_391/run_r_cmd_9438358.log","COMPLETED","00:02:42"
"142","/home/p230198/GitHubs/razzo_project_391/run_r_cmd_9438359.log","COMPLETED","01:07:56"
"143","/home/p230198/GitHubs/razzo_project_391/run_r_cmd_9438360.log","COMPLETED","00:59:43"
"144","/home/p230198/GitHubs/razzo_project_391/run_r_cmd_9438361.log","COMPLETED","00:18:45"
"145","/home/p230198/GitHubs/razzo_project_391/run_r_cmd_9438362.log","COMPLETED","00:34:45"
"146","/home/p230198/GitHubs/razzo_project_391/run_r_cmd_9438363.log","COMPLETED","02:33:28"
"147","/home/p230198/GitHubs/razzo_project_391/run_r_cmd_9438364.log","COMPLETED","01:12:32"
"148","/home/p230198/GitHubs/razzo_project_391/run_r_cmd_9438365.log","COMPLETED","00:57:54"
"149","/home/p230198/GitHubs/razzo_project_391/run_r_cmd_9438366.log","COMPLETED","00:11:31"
"150","/home/p230198/GitHubs/razzo_project_391/run_r_cmd_9438367.log","COMPLETED","00:05:29"
"151","/home/p230198/GitHubs/razzo_project_391/run_r_cmd_9438368.log","COMPLETED","00:34:11"
"152","/home/p230198/GitHubs/razzo_project_391/run_r_cmd_9438369.log","COMPLETED","00:46:35"
"153","/home/p230198/GitHubs/razzo_project_391/run_r_cmd_9438370.log","COMPLETED","01:06:44"
"154","/home/p230198/GitHubs/razzo_project_391/run_r_cmd_9438371.log","COMPLETED","00:48:24"
"155","/home/p230198/GitHubs/razzo_project_391/run_r_cmd_9438372.log","COMPLETED","01:17:48"
"156","/home/p230198/GitHubs/razzo_project_391/run_r_cmd_9438373.log","COMPLETED","02:22:56"
"157","/home/p230198/GitHubs/razzo_project_391/run_r_cmd_9438374.log","COMPLETED","00:33:56"
"158","/home/p230198/GitHubs/razzo_project_391/run_r_cmd_9438375.log","COMPLETED","01:21:07"
"159","/home/p230198/GitHubs/razzo_project_391/run_r_cmd_9438376.log","COMPLETED","00:18:42"
"160","/home/p230198/GitHubs/razzo_project_391/run_r_cmd_9438377.log","COMPLETED","02:02:13"
"161","/home/p230198/GitHubs/razzo_project_391/run_r_cmd_9438378.log","COMPLETED","01:06:50"
"162","/home/p230198/GitHubs/razzo_project_391/run_r_cmd_9438379.log","COMPLETED","00:23:29"
"163","/home/p230198/GitHubs/razzo_project_391/run_r_cmd_9438380.log","COMPLETED","00:46:05"
"164","/home/p230198/GitHubs/razzo_project_391/run_r_cmd_9438381.log","COMPLETED","05:38:04"
"165","/home/p230198/GitHubs/razzo_project_391/run_r_cmd_9438382.log","COMPLETED","01:28:16"
"166","/home/p230198/GitHubs/razzo_project_391/run_r_cmd_9438383.log","COMPLETED","02:19:17"
"167","/home/p230198/GitHubs/razzo_project_391/run_r_cmd_9438384.log","COMPLETED","02:52:55"
"168","/home/p230198/GitHubs/razzo_project_391/run_r_cmd_9438385.log","COMPLETED","00:33:20"
"169","/home/p230198/GitHubs/razzo_project_391/run_r_cmd_9438386.log","COMPLETED","01:33:56"
"170","/home/p230198/GitHubs/razzo_project_391/run_r_cmd_9438387.log","COMPLETED","02:02:16"
"171","/home/p230198/GitHubs/razzo_project_391/run_r_cmd_9438388.log","COMPLETED","01:26:28"
"172","/home/p230198/GitHubs/razzo_project_391/run_r_cmd_9438389.log","COMPLETED","01:28:56"
"173","/home/p230198/GitHubs/razzo_project_391/run_r_cmd_9438390.log","COMPLETED","01:04:54"
"174","/home/p230198/GitHubs/razzo_project_391/run_r_cmd_9438391.log","COMPLETED","00:22:26"
"175","/home/p230198/GitHubs/razzo_project_391/run_r_cmd_9438392.log","COMPLETED","01:17:41"
"176","/home/p230198/GitHubs/razzo_project_391/run_r_cmd_9438393.log","COMPLETED","01:58:16"
"177","/home/p230198/GitHubs/razzo_project_391/run_r_cmd_9438394.log","COMPLETED","01:27:54"
"178","/home/p230198/GitHubs/razzo_project_391/run_r_cmd_9438395.log","COMPLETED","01:05:23"
"179","/home/p230198/GitHubs/razzo_project_391/run_r_cmd_9438396.log","COMPLETED","01:58:37"
"180","/home/p230198/GitHubs/razzo_project_391/run_r_cmd_9438397.log","COMPLETED","01:12:10"
"181","/home/p230198/GitHubs/razzo_project_391/run_r_cmd_9438398.log","COMPLETED","02:41:31"
"182","/home/p230198/GitHubs/razzo_project_391/run_r_cmd_9438399.log","COMPLETED","02:15:34"
"183","/home/p230198/GitHubs/razzo_project_391/run_r_cmd_9438400.log","COMPLETED","00:04:35"
"184","/home/p230198/GitHubs/razzo_project_391/run_r_cmd_9438401.log","COMPLETED","02:26:37"
"185","/home/p230198/GitHubs/razzo_project_391/run_r_cmd_9438402.log","COMPLETED","02:26:58"
"186","/home/p230198/GitHubs/razzo_project_391/run_r_cmd_9438403.log","COMPLETED","00:24:57"
"187","/home/p230198/GitHubs/razzo_project_391/run_r_cmd_9438404.log","COMPLETED","00:39:23"
"188","/home/p230198/GitHubs/razzo_project_391/run_r_cmd_9438405.log","COMPLETED","01:30:59"
"189","/home/p230198/GitHubs/razzo_project_391/run_r_cmd_9438406.log","COMPLETED","02:22:29"
"190","/home/p230198/GitHubs/razzo_project_391/run_r_cmd_9438407.log","COMPLETED","02:49:20"
"191","/home/p230198/GitHubs/razzo_project_391/run_r_cmd_9438408.log","COMPLETED","00:59:44"
"192","/home/p230198/GitHubs/razzo_project_391/run_r_cmd_9438409.log","COMPLETED","01:41:04"
"193","/home/p230198/GitHubs/razzo_project_391/run_r_cmd_9438410.log","COMPLETED","00:56:33"
"194","/home/p230198/GitHubs/razzo_project_391/run_r_cmd_9438411.log","COMPLETED","00:17:22"
"195","/home/p230198/GitHubs/razzo_project_391/run_r_cmd_9438412.log","COMPLETED","02:22:09"
"196","/home/p230198/GitHubs/razzo_project_391/run_r_cmd_9438413.log","COMPLETED","01:26:23"
"197","/home/p230198/GitHubs/razzo_project_391/run_r_cmd_9438414.log","COMPLETED","01:00:56"
"198","/home/p230198/GitHubs/razzo_project_391/run_r_cmd_9438415.log","COMPLETED","00:41:56"
"199","/home/p230198/GitHubs/razzo_project_391/run_r_cmd_9438416.log","COMPLETED","01:22:46"
"200","/home/p230198/GitHubs/razzo_project_391/run_r_cmd_9438417.log","COMPLETED","01:35:11"
"201","/home/p230198/GitHubs/razzo_project_391/run_r_cmd_9438418.log","COMPLETED","01:29:19"
"202","/home/p230198/GitHubs/razzo_project_391/run_r_cmd_9438419.log","COMPLETED","01:39:20"
"203","/home/p230198/GitHubs/razzo_project_391/run_r_cmd_9438420.log","COMPLETED","02:15:10"
"204","/home/p230198/GitHubs/razzo_project_391/run_r_cmd_9438421.log","COMPLETED","00:38:04"
"205","/home/p230198/GitHubs/razzo_project_391/run_r_cmd_9438422.log","COMPLETED","02:14:08"
"206","/home/p230198/GitHubs/razzo_project_391/run_r_cmd_9438423.log","COMPLETED","08:21:30"
"207","/home/p230198/GitHubs/razzo_project_391/run_r_cmd_9438424.log","COMPLETED","08:11:46"
"208","/home/p230198/GitHubs/razzo_project_391/run_r_cmd_9438425.log","COMPLETED","01:25:56"
"209","/home/p230198/GitHubs/razzo_project_391/run_r_cmd_9438426.log","COMPLETED","02:41:58"
"210","/home/p230198/GitHubs/razzo_project_391/run_r_cmd_9438427.log","COMPLETED","00:39:52"
"211","/home/p230198/GitHubs/razzo_project_391/run_r_cmd_9438428.log","COMPLETED","01:38:28"
"212","/home/p230198/GitHubs/razzo_project_391/run_r_cmd_9438429.log","COMPLETED","01:10:17"
"213","/home/p230198/GitHubs/razzo_project_391/run_r_cmd_9438430.log","COMPLETED","02:05:13"
"214","/home/p230198/GitHubs/razzo_project_391/run_r_cmd_9438431.log","COMPLETED","01:56:24"
"215","/home/p230198/GitHubs/razzo_project_391/run_r_cmd_9438432.log","COMPLETED","05:31:02"
"216","/home/p230198/GitHubs/razzo_project_391/run_r_cmd_9438433.log","COMPLETED","00:46:56"
"217","/home/p230198/GitHubs/razzo_project_391/run_r_cmd_9438434.log","COMPLETED","00:20:55"
"218","/home/p230198/GitHubs/razzo_project_391/run_r_cmd_9438435.log","COMPLETED","01:01:12"
"219","/home/p230198/GitHubs/razzo_project_391/run_r_cmd_9438436.log","COMPLETED","02:36:38"
"220","/home/p230198/GitHubs/razzo_project_391/run_r_cmd_9438437.log","COMPLETED","01:53:15"
"221","/home/p230198/GitHubs/razzo_project_391/run_r_cmd_9438438.log","COMPLETED","00:34:55"
"222","/home/p230198/GitHubs/razzo_project_391/run_r_cmd_9438439.log","COMPLETED","01:18:48"
"223","/home/p230198/GitHubs/razzo_project_391/run_r_cmd_9438440.log","COMPLETED","00:51:37"
"224","/home/p230198/GitHubs/razzo_project_391/run_r_cmd_9438441.log","COMPLETED","01:50:20"
"225","/home/p230198/GitHubs/razzo_project_391/run_r_cmd_9438442.log","COMPLETED","03:36:08"
"226","/home/p230198/GitHubs/razzo_project_391/run_r_cmd_9438443.log","COMPLETED","00:12:54"
"227","/home/p230198/GitHubs/razzo_project_391/run_r_cmd_9438444.log","COMPLETED","01:51:29"
"228","/home/p230198/GitHubs/razzo_project_391/run_r_cmd_9438445.log","COMPLETED","03:49:51"
"229","/home/p230198/GitHubs/razzo_project_391/run_r_cmd_9438447.log","COMPLETED","00:56:11"
"230","/home/p230198/GitHubs/razzo_project_391/run_r_cmd_9438448.log","COMPLETED","01:26:32"
"231","/home/p230198/GitHubs/razzo_project_391/run_r_cmd_9438449.log","COMPLETED","01:57:23"
"232","/home/p230198/GitHubs/razzo_project_391/run_r_cmd_9438450.log","COMPLETED","02:22:30"
"233","/home/p230198/GitHubs/razzo_project_391/run_r_cmd_9438451.log","COMPLETED","01:07:36"
"234","/home/p230198/GitHubs/razzo_project_391/run_r_cmd_9438452.log","COMPLETED","01:48:51"
"235","/home/p230198/GitHubs/razzo_project_391/run_r_cmd_9438453.log","COMPLETED","03:44:46"
"236","/home/p230198/GitHubs/razzo_project_391/run_r_cmd_9438454.log","COMPLETED","03:10:01"
"237","/home/p230198/GitHubs/razzo_project_391/run_r_cmd_9438455.log","COMPLETED","00:05:35"
"238","/home/p230198/GitHubs/razzo_project_391/run_r_cmd_9438456.log","COMPLETED","01:21:35"
"239","/home/p230198/GitHubs/razzo_project_391/run_r_cmd_9438457.log","COMPLETED","01:12:55"
"240","/home/p230198/GitHubs/razzo_project_391/run_r_cmd_9438458.log","COMPLETED","00:58:50"
"241","/home/p230198/GitHubs/razzo_project_391/run_r_cmd_9438459.log","COMPLETED","03:49:51"
"242","/home/p230198/GitHubs/razzo_project_391/run_r_cmd_9438460.log","COMPLETED","01:52:42"
"243","/home/p230198/GitHubs/razzo_project_391/run_r_cmd_9438461.log","COMPLETED","01:05:16"
"244","/home/p230198/GitHubs/razzo_project_391/run_r_cmd_9438462.log","COMPLETED","00:45:48"
"245","/home/p230198/GitHubs/razzo_project_391/run_r_cmd_9438463.log","COMPLETED","02:11:06"
"246","/home/p230198/GitHubs/razzo_project_391/run_r_cmd_9438464.log","COMPLETED","01:59:39"
"247","/home/p230198/GitHubs/razzo_project_391/run_r_cmd_9438465.log","COMPLETED","09:25:15"
"248","/home/p230198/GitHubs/razzo_project_391/run_r_cmd_9438466.log","COMPLETED","01:29:12"
"249","/home/p230198/GitHubs/razzo_project_391/run_r_cmd_9438467.log","COMPLETED","02:37:42"
"250","/home/p230198/GitHubs/razzo_project_391/run_r_cmd_9438468.log","COMPLETED","04:00:28"
"251","/home/p230198/GitHubs/razzo_project_391/run_r_cmd_9438469.log","COMPLETED","01:40:48"
"252","/home/p230198/GitHubs/razzo_project_391/run_r_cmd_9438470.log","COMPLETED","03:55:07"
"253","/home/p230198/GitHubs/razzo_project_391/run_r_cmd_9438471.log","COMPLETED","01:44:27"
"254","/home/p230198/GitHubs/razzo_project_391/run_r_cmd_9438472.log","COMPLETED","02:49:35"
"255","/home/p230198/GitHubs/razzo_project_391/run_r_cmd_9438473.log","COMPLETED","03:14:09"
"256","/home/p230198/GitHubs/razzo_project_391/run_r_cmd_9438474.log","COMPLETED","01:19:53"
"257","/home/p230198/GitHubs/razzo_project_391/run_r_cmd_9438475.log","COMPLETED","05:36:48"
"258","/home/p230198/GitHubs/razzo_project_391/run_r_cmd_9438476.log","COMPLETED","01:27:06"
"259","/home/p230198/GitHubs/razzo_project_391/run_r_cmd_9438477.log","COMPLETED","02:01:34"
"260","/home/p230198/GitHubs/razzo_project_391/run_r_cmd_9438478.log","COMPLETED","03:00:47"
"261","/home/p230198/GitHubs/razzo_project_391/run_r_cmd_9438479.log","COMPLETED","06:16:58"
"262","/home/p230198/GitHubs/razzo_project_391/run_r_cmd_9438480.log","COMPLETED","01:59:17"
"263","/home/p230198/GitHubs/razzo_project_391/run_r_cmd_9438481.log","COMPLETED","00:27:56"
"264","/home/p230198/GitHubs/razzo_project_391/run_r_cmd_9438482.log","COMPLETED","01:24:42"
"265","/home/p230198/GitHubs/razzo_project_391/run_r_cmd_9438483.log","COMPLETED","03:02:21"
"266","/home/p230198/GitHubs/razzo_project_391/run_r_cmd_9438484.log","COMPLETED","03:13:38"
"267","/home/p230198/GitHubs/razzo_project_391/run_r_cmd_9438485.log","COMPLETED","01:24:43"
"268","/home/p230198/GitHubs/razzo_project_391/run_r_cmd_9438486.log","COMPLETED","07:15:30"
"269","/home/p230198/GitHubs/razzo_project_391/run_r_cmd_9438487.log","COMPLETED","04:13:39"
"270","/home/p230198/GitHubs/razzo_project_391/run_r_cmd_9438488.log","COMPLETED","01:48:10"
"271","/home/p230198/GitHubs/razzo_project_391/run_r_cmd_9438489.log","COMPLETED","09:58:43"
"272","/home/p230198/GitHubs/razzo_project_391/run_r_cmd_9438490.log","COMPLETED","02:41:32"
"273","/home/p230198/GitHubs/razzo_project_391/run_r_cmd_9438491.log","COMPLETED","01:43:35"
"274","/home/p230198/GitHubs/razzo_project_391/run_r_cmd_9438492.log","COMPLETED","00:49:06"
"275","/home/p230198/GitHubs/razzo_project_391/run_r_cmd_9438493.log","COMPLETED","01:40:39"
"276","/home/p230198/GitHubs/razzo_project_391/run_r_cmd_9438494.log","COMPLETED","03:40:39"
"277","/home/p230198/GitHubs/razzo_project_391/run_r_cmd_9438495.log","COMPLETED","01:22:08"
"278","/home/p230198/GitHubs/razzo_project_391/run_r_cmd_9438496.log","COMPLETED","00:13:45"
"279","/home/p230198/GitHubs/razzo_project_391/run_r_cmd_9438497.log","COMPLETED","05:29:32"
"280","/home/p230198/GitHubs/razzo_project_391/run_r_cmd_9438498.log","COMPLETED","00:45:07"
"281","/home/p230198/GitHubs/razzo_project_391/run_r_cmd_9438499.log","COMPLETED","01:15:16"
"282","/home/p230198/GitHubs/razzo_project_391/run_r_cmd_9438500.log","COMPLETED","01:32:31"
"283","/home/p230198/GitHubs/razzo_project_391/run_r_cmd_9438501.log","COMPLETED","01:06:29"
"284","/home/p230198/GitHubs/razzo_project_391/run_r_cmd_9438502.log","COMPLETED","02:27:40"
"285","/home/p230198/GitHubs/razzo_project_391/run_r_cmd_9438503.log","COMPLETED","01:34:44"
"286","/home/p230198/GitHubs/razzo_project_391/run_r_cmd_9438504.log","COMPLETED","02:22:44"
"287","/home/p230198/GitHubs/razzo_project_391/run_r_cmd_9438505.log","COMPLETED","01:35:07"
"288","/home/p230198/GitHubs/razzo_project_391/run_r_cmd_9438506.log","COMPLETED","01:11:08"
"289","/home/p230198/GitHubs/razzo_project_391/run_r_cmd_9438507.log","COMPLETED","01:15:55"
"290","/home/p230198/GitHubs/razzo_project_391/run_r_cmd_9438508.log","COMPLETED","01:07:31"
"291","/home/p230198/GitHubs/razzo_project_391/run_r_cmd_9438509.log","COMPLETED","04:45:40"
"292","/home/p230198/GitHubs/razzo_project_391/run_r_cmd_9438511.log","COMPLETED","03:10:53"
"293","/home/p230198/GitHubs/razzo_project_391/run_r_cmd_9438512.log","COMPLETED","00:29:11"
"294","/home/p230198/GitHubs/razzo_project_391/run_r_cmd_9438513.log","COMPLETED","01:10:53"
"295","/home/p230198/GitHubs/razzo_project_391/run_r_cmd_9438514.log","COMPLETED","01:27:17"
"296","/home/p230198/GitHubs/razzo_project_391/run_r_cmd_9438515.log","COMPLETED","01:29:04"
"297","/home/p230198/GitHubs/razzo_project_391/run_r_cmd_9438516.log","COMPLETED","00:43:24"
"298","/home/p230198/GitHubs/razzo_project_391/run_r_cmd_9438517.log","COMPLETED","01:52:41"
"299","/home/p230198/GitHubs/razzo_project_391/run_r_cmd_9438518.log","COMPLETED","01:13:04"
"300","/home/p230198/GitHubs/razzo_project_391/run_r_cmd_9438519.log","COMPLETED","00:38:21"
"301","/home/p230198/GitHubs/razzo_project_391/run_r_cmd_9438520.log","COMPLETED","01:41:56"
"302","/home/p230198/GitHubs/razzo_project_391/run_r_cmd_9438521.log","COMPLETED","00:20:24"
"303","/home/p230198/GitHubs/razzo_project_391/run_r_cmd_9438522.log","COMPLETED","02:55:46"
"304","/home/p230198/GitHubs/razzo_project_391/run_r_cmd_9438523.log","COMPLETED","01:00:07"
"305","/home/p230198/GitHubs/razzo_project_391/run_r_cmd_9438524.log","COMPLETED","00:47:38"
"306","/home/p230198/GitHubs/razzo_project_391/run_r_cmd_9438525.log","COMPLETED","00:02:44"
"307","/home/p230198/GitHubs/razzo_project_391/run_r_cmd_9438526.log","COMPLETED","01:31:59"
"308","/home/p230198/GitHubs/razzo_project_391/run_r_cmd_9438527.log","COMPLETED","03:00:03"
"309","/home/p230198/GitHubs/razzo_project_391/run_r_cmd_9438528.log","COMPLETED","01:17:39"
"310","/home/p230198/GitHubs/razzo_project_391/run_r_cmd_9438529.log","COMPLETED","00:49:20"
"311","/home/p230198/GitHubs/razzo_project_391/run_r_cmd_9438530.log","COMPLETED","01:28:20"
"312","/home/p230198/GitHubs/razzo_project_391/run_r_cmd_9438531.log","COMPLETED","00:29:36"
"313","/home/p230198/GitHubs/razzo_project_391/run_r_cmd_9438532.log","COMPLETED","01:25:39"
"314","/home/p230198/GitHubs/razzo_project_391/run_r_cmd_9438533.log","COMPLETED","00:14:47"
"315","/home/p230198/GitHubs/razzo_project_391/run_r_cmd_9438534.log","COMPLETED","02:07:33"
"316","/home/p230198/GitHubs/razzo_project_391/run_r_cmd_9438535.log","COMPLETED","01:38:27"
"317","/home/p230198/GitHubs/razzo_project_391/run_r_cmd_9438536.log","COMPLETED","02:12:29"
"318","/home/p230198/GitHubs/razzo_project_391/run_r_cmd_9438537.log","COMPLETED","02:07:03"
"319","/home/p230198/GitHubs/razzo_project_391/run_r_cmd_9438538.log","COMPLETED","02:40:00"
"320","/home/p230198/GitHubs/razzo_project_391/run_r_cmd_9438539.log","COMPLETED","00:12:27"
"321","/home/p230198/GitHubs/razzo_project_391/run_r_cmd_9438540.log","COMPLETED","02:37:30"
"322","/home/p230198/GitHubs/razzo_project_391/run_r_cmd_9438541.log","COMPLETED","01:05:32"
"323","/home/p230198/GitHubs/razzo_project_391/run_r_cmd_9438542.log","COMPLETED","00:45:18"
"324","/home/p230198/GitHubs/razzo_project_391/run_r_cmd_9438543.log","COMPLETED","00:08:24"
"325","/home/p230198/GitHubs/razzo_project_391/run_r_cmd_9438544.log","COMPLETED","00:16:04"
"326","/home/p230198/GitHubs/razzo_project_391/run_r_cmd_9438545.log","COMPLETED","02:32:40"
"327","/home/p230198/GitHubs/razzo_project_391/run_r_cmd_9438546.log","COMPLETED","02:16:53"
"328","/home/p230198/GitHubs/razzo_project_391/run_r_cmd_9438547.log","COMPLETED","00:32:46"
"329","/home/p230198/GitHubs/razzo_project_391/run_r_cmd_9438548.log","COMPLETED","00:27:16"
"330","/home/p230198/GitHubs/razzo_project_391/run_r_cmd_9438549.log","COMPLETED","01:11:07"
"331","/home/p230198/GitHubs/razzo_project_391/run_r_cmd_9438550.log","COMPLETED","00:28:52"
"332","/home/p230198/GitHubs/razzo_project_391/run_r_cmd_9438551.log","COMPLETED","01:24:31"
"333","/home/p230198/GitHubs/razzo_project_391/run_r_cmd_9438552.log","COMPLETED","01:41:33"
"334","/home/p230198/GitHubs/razzo_project_391/run_r_cmd_9438553.log","COMPLETED","00:50:21"
"335","/home/p230198/GitHubs/razzo_project_391/run_r_cmd_9438554.log","COMPLETED","00:45:15"
"336","/home/p230198/GitHubs/razzo_project_391/run_r_cmd_9438555.log","COMPLETED","01:33:20"
"337","/home/p230198/GitHubs/razzo_project_391/run_r_cmd_9438556.log","COMPLETED","00:05:29"
"338","/home/p230198/GitHubs/razzo_project_391/run_r_cmd_9438557.log","COMPLETED","01:41:02"
"339","/home/p230198/GitHubs/razzo_project_391/run_r_cmd_9438558.log","COMPLETED","01:44:40"
"340","/home/p230198/GitHubs/razzo_project_391/run_r_cmd_9438559.log","COMPLETED","00:56:56"
"341","/home/p230198/GitHubs/razzo_project_391/run_r_cmd_9438560.log","COMPLETED","01:12:00"
"342","/home/p230198/GitHubs/razzo_project_391/run_r_cmd_9438561.log","COMPLETED","01:22:47"
"343","/home/p230198/GitHubs/razzo_project_391/run_r_cmd_9438562.log","COMPLETED","00:43:46"
"344","/home/p230198/GitHubs/razzo_project_391/run_r_cmd_9438563.log","COMPLETED","00:58:59"
"345","/home/p230198/GitHubs/razzo_project_391/run_r_cmd_9438564.log","COMPLETED","00:55:23"
"346","/home/p230198/GitHubs/razzo_project_391/run_r_cmd_9438565.log","COMPLETED","00:37:31"
"347","/home/p230198/GitHubs/razzo_project_391/run_r_cmd_9438566.log","COMPLETED","00:10:27"
"348","/home/p230198/GitHubs/razzo_project_391/run_r_cmd_9438567.log","COMPLETED","00:45:49"
"349","/home/p230198/GitHubs/razzo_project_391/run_r_cmd_9438568.log","COMPLETED","01:34:17"
"350","/home/p230198/GitHubs/razzo_project_391/run_r_cmd_9438569.log","COMPLETED","00:25:10"
"351","/home/p230198/GitHubs/razzo_project_391/run_r_cmd_9438570.log","COMPLETED","00:42:57"
"352","/home/p230198/GitHubs/razzo_project_391/run_r_cmd_9438571.log","COMPLETED","00:29:25"
"353","/home/p230198/GitHubs/razzo_project_391/run_r_cmd_9438572.log","COMPLETED","02:12:55"
"354","/home/p230198/GitHubs/razzo_project_391/run_r_cmd_9438573.log","COMPLETED","02:36:54"
"355","/home/p230198/GitHubs/razzo_project_391/run_r_cmd_9438574.log","COMPLETED","00:14:23"
"356","/home/p230198/GitHubs/razzo_project_391/run_r_cmd_9438575.log","COMPLETED","04:45:11"
"357","/home/p230198/GitHubs/razzo_project_391/run_r_cmd_9438576.log","COMPLETED","02:00:22"
"358","/home/p230198/GitHubs/razzo_project_391/run_r_cmd_9438577.log","COMPLETED","00:16:51"
"359","/home/p230198/GitHubs/razzo_project_391/run_r_cmd_9438578.log","COMPLETED","00:27:46"
"360","/home/p230198/GitHubs/razzo_project_391/run_r_cmd_9438579.log","COMPLETED","02:51:53"
"361","/home/p230198/GitHubs/razzo_project_391/run_r_cmd_9438580.log","COMPLETED","03:43:31"
"362","/home/p230198/GitHubs/razzo_project_391/run_r_cmd_9438581.log","COMPLETED","10:02:32"
"363","/home/p230198/GitHubs/razzo_project_391/run_r_cmd_9438582.log","COMPLETED","01:12:59"
"364","/home/p230198/GitHubs/razzo_project_391/run_r_cmd_9438583.log","COMPLETED","01:26:02"
"365","/home/p230198/GitHubs/razzo_project_391/run_r_cmd_9438584.log","COMPLETED","01:50:12"
"366","/home/p230198/GitHubs/razzo_project_391/run_r_cmd_9438585.log","COMPLETED","00:17:03"
"367","/home/p230198/GitHubs/razzo_project_391/run_r_cmd_9438586.log","COMPLETED","03:45:49"
"368","/home/p230198/GitHubs/razzo_project_391/run_r_cmd_9438587.log","COMPLETED","01:48:51"
"369","/home/p230198/GitHubs/razzo_project_391/run_r_cmd_9438588.log","COMPLETED","03:05:04"
"370","/home/p230198/GitHubs/razzo_project_391/run_r_cmd_9438589.log","COMPLETED","03:58:02"
"371","/home/p230198/GitHubs/razzo_project_391/run_r_cmd_9438590.log","COMPLETED","01:22:04"
"372","/home/p230198/GitHubs/razzo_project_391/run_r_cmd_9438591.log","COMPLETED","02:37:13"
"373","/home/p230198/GitHubs/razzo_project_391/run_r_cmd_9438592.log","COMPLETED","03:35:00"
"374","/home/p230198/GitHubs/razzo_project_391/run_r_cmd_9438593.log","COMPLETED","01:00:52"
"375","/home/p230198/GitHubs/razzo_project_391/run_r_cmd_9438594.log","COMPLETED","01:10:55"
"376","/home/p230198/GitHubs/razzo_project_391/run_r_cmd_9438596.log","COMPLETED","01:50:43"
"377","/home/p230198/GitHubs/razzo_project_391/run_r_cmd_9438597.log","COMPLETED","01:30:39"
"378","/home/p230198/GitHubs/razzo_project_391/run_r_cmd_9438598.log","COMPLETED","01:54:30"
"379","/home/p230198/GitHubs/razzo_project_391/run_r_cmd_9438599.log","COMPLETED","01:30:56"
"380","/home/p230198/GitHubs/razzo_project_391/run_r_cmd_9438600.log","COMPLETED","00:44:59"
"381","/home/p230198/GitHubs/razzo_project_391/run_r_cmd_9438601.log","COMPLETED","02:16:59"
"382","/home/p230198/GitHubs/razzo_project_391/run_r_cmd_9438602.log","COMPLETED","01:40:19"
"383","/home/p230198/GitHubs/razzo_project_391/run_r_cmd_9438603.log","COMPLETED","01:18:58"
"384","/home/p230198/GitHubs/razzo_project_391/run_r_cmd_9438604.log","COMPLETED","02:12:39"
"385","/home/p230198/GitHubs/razzo_project_391/run_r_cmd_9438605.log","COMPLETED","02:44:04"
"386","/home/p230198/GitHubs/razzo_project_391/run_r_cmd_9438606.log","COMPLETED","06:42:36"
"387","/home/p230198/GitHubs/razzo_project_391/run_r_cmd_9438607.log","COMPLETED","01:54:18"
"388","/home/p230198/GitHubs/razzo_project_391/run_r_cmd_9438608.log","COMPLETED","03:22:15"
"389","/home/p230198/GitHubs/razzo_project_391/run_r_cmd_9438609.log","COMPLETED","00:37:26"
"390","/home/p230198/GitHubs/razzo_project_391/run_r_cmd_9438610.log","COMPLETED","01:39:08"
"391","/home/p230198/GitHubs/razzo_project_391/run_r_cmd_9438611.log","COMPLETED","03:13:10"
"392","/home/p230198/GitHubs/razzo_project_391/run_r_cmd_9438612.log","COMPLETED","02:02:14"
"393","/home/p230198/GitHubs/razzo_project_391/run_r_cmd_9438613.log","COMPLETED","02:03:30"
"394","/home/p230198/GitHubs/razzo_project_391/run_r_cmd_9438614.log","COMPLETED","01:46:33"
"395","/home/p230198/GitHubs/razzo_project_391/run_r_cmd_9438615.log","COMPLETED","00:43:50"
"396","/home/p230198/GitHubs/razzo_project_391/run_r_cmd_9438616.log","COMPLETED","00:54:27"
"397","/home/p230198/GitHubs/razzo_project_391/run_r_cmd_9438617.log","COMPLETED","02:16:26"
"398","/home/p230198/GitHubs/razzo_project_391/run_r_cmd_9438618.log","COMPLETED","00:48:54"
"399","/home/p230198/GitHubs/razzo_project_391/run_r_cmd_9438619.log","COMPLETED","03:15:20"
"400","/home/p230198/GitHubs/razzo_project_391/run_r_cmd_9438620.log","COMPLETED","00:25:20"
"401","/home/p230198/GitHubs/razzo_project_391/run_r_cmd_9438621.log","COMPLETED","01:18:52"
"402","/home/p230198/GitHubs/razzo_project_391/run_r_cmd_9438622.log","COMPLETED","02:13:58"
"403","/home/p230198/GitHubs/razzo_project_391/run_r_cmd_9438623.log","COMPLETED","00:03:30"
"404","/home/p230198/GitHubs/razzo_project_391/run_r_cmd_9438624.log","COMPLETED","00:25:15"
"405","/home/p230198/GitHubs/razzo_project_391/run_r_cmd_9438625.log","COMPLETED","00:51:42"
"406","/home/p230198/GitHubs/razzo_project_391/run_r_cmd_9438627.log","COMPLETED","00:16:17"
"407","/home/p230198/GitHubs/razzo_project_391/run_r_cmd_9438628.log","COMPLETED","01:08:06"
"408","/home/p230198/GitHubs/razzo_project_391/run_r_cmd_9438629.log","COMPLETED","00:41:42"
"409","/home/p230198/GitHubs/razzo_project_391/run_r_cmd_9438630.log","COMPLETED","00:54:49"
"410","/home/p230198/GitHubs/razzo_project_391/run_r_cmd_9438631.log","COMPLETED","00:17:50"
"411","/home/p230198/GitHubs/razzo_project_391/run_r_cmd_9438632.log","COMPLETED","00:53:48"
"412","/home/p230198/GitHubs/razzo_project_391/run_r_cmd_9438633.log","COMPLETED","00:09:10"
"413","/home/p230198/GitHubs/razzo_project_391/run_r_cmd_9438634.log","COMPLETED","00:05:06"
"414","/home/p230198/GitHubs/razzo_project_391/run_r_cmd_9438635.log","COMPLETED","01:28:51"
"415","/home/p230198/GitHubs/razzo_project_391/run_r_cmd_9438636.log","COMPLETED","00:58:18"
"416","/home/p230198/GitHubs/razzo_project_391/run_r_cmd_9438637.log","COMPLETED","00:21:53"
"417","/home/p230198/GitHubs/razzo_project_391/run_r_cmd_9438638.log","COMPLETED","01:46:26"
"418","/home/p230198/GitHubs/razzo_project_391/run_r_cmd_9438639.log","COMPLETED","00:09:25"
"419","/home/p230198/GitHubs/razzo_project_391/run_r_cmd_9438640.log","COMPLETED","00:58:58"
"420","/home/p230198/GitHubs/razzo_project_391/run_r_cmd_9438641.log","COMPLETED","00:02:44"
"421","/home/p230198/GitHubs/razzo_project_391/run_r_cmd_9438642.log","COMPLETED","00:05:00"
"422","/home/p230198/GitHubs/razzo_project_391/run_r_cmd_9438643.log","COMPLETED","00:05:07"
"423","/home/p230198/GitHubs/razzo_project_391/run_r_cmd_9438644.log","COMPLETED","00:27:59"
"424","/home/p230198/GitHubs/razzo_project_391/run_r_cmd_9438645.log","COMPLETED","00:42:33"
"425","/home/p230198/GitHubs/razzo_project_391/run_r_cmd_9438647.log","COMPLETED","00:23:11"
"426","/home/p230198/GitHubs/razzo_project_391/run_r_cmd_9438648.log","COMPLETED","00:12:36"
"427","/home/p230198/GitHubs/razzo_project_391/run_r_cmd_9438649.log","COMPLETED","00:05:25"
"428","/home/p230198/GitHubs/razzo_project_391/run_r_cmd_9438650.log","COMPLETED","00:38:33"
"429","/home/p230198/GitHubs/razzo_project_391/run_r_cmd_9438651.log","COMPLETED","00:19:13"
"430","/home/p230198/GitHubs/razzo_project_391/run_r_cmd_9438652.log","COMPLETED","01:09:22"
"431","/home/p230198/GitHubs/razzo_project_391/run_r_cmd_9438653.log","COMPLETED","01:44:57"
"432","/home/p230198/GitHubs/razzo_project_391/run_r_cmd_9438654.log","COMPLETED","00:23:42"
"433","/home/p230198/GitHubs/razzo_project_391/run_r_cmd_9438655.log","COMPLETED","00:59:09"
"434","/home/p230198/GitHubs/razzo_project_391/run_r_cmd_9438656.log","COMPLETED","01:19:03"
"435","/home/p230198/GitHubs/razzo_project_391/run_r_cmd_9438657.log","COMPLETED","02:23:58"
"436","/home/p230198/GitHubs/razzo_project_391/run_r_cmd_9438658.log","COMPLETED","00:15:45"
"437","/home/p230198/GitHubs/razzo_project_391/run_r_cmd_9438659.log","COMPLETED","00:38:54"
"438","/home/p230198/GitHubs/razzo_project_391/run_r_cmd_9438660.log","COMPLETED","01:17:11"
"439","/home/p230198/GitHubs/razzo_project_391/run_r_cmd_9438661.log","COMPLETED","00:38:48"
"440","/home/p230198/GitHubs/razzo_project_391/run_r_cmd_9438662.log","COMPLETED","00:07:48"
"441","/home/p230198/GitHubs/razzo_project_391/run_r_cmd_9438663.log","COMPLETED","00:34:55"
"442","/home/p230198/GitHubs/razzo_project_391/run_r_cmd_9438664.log","COMPLETED","00:15:39"
"443","/home/p230198/GitHubs/razzo_project_391/run_r_cmd_9438665.log","COMPLETED","00:26:16"
"444","/home/p230198/GitHubs/razzo_project_391/run_r_cmd_9438666.log","COMPLETED","00:09:35"
"445","/home/p230198/GitHubs/razzo_project_391/run_r_cmd_9438667.log","COMPLETED","00:57:01"
"446","/home/p230198/GitHubs/razzo_project_391/run_r_cmd_9438668.log","COMPLETED","01:26:20"
"447","/home/p230198/GitHubs/razzo_project_391/run_r_cmd_9438669.log","COMPLETED","01:10:26"
"448","/home/p230198/GitHubs/razzo_project_391/run_r_cmd_9438670.log","COMPLETED","01:09:32"
"449","/home/p230198/GitHubs/razzo_project_391/run_r_cmd_9438671.log","COMPLETED","00:23:32"
"450","/home/p230198/GitHubs/razzo_project_391/run_r_cmd_9438672.log","COMPLETED","01:05:30"
"451","/home/p230198/GitHubs/razzo_project_391/run_r_cmd_9438673.log","COMPLETED","01:19:23"
"452","/home/p230198/GitHubs/razzo_project_391/run_r_cmd_9438674.log","COMPLETED","01:13:03"
"453","/home/p230198/GitHubs/razzo_project_391/run_r_cmd_9438675.log","COMPLETED","01:15:48"
"454","/home/p230198/GitHubs/razzo_project_391/run_r_cmd_9438676.log","COMPLETED","00:23:07"
"455","/home/p230198/GitHubs/razzo_project_391/run_r_cmd_9438677.log","COMPLETED","01:25:32"
"456","/home/p230198/GitHubs/razzo_project_391/run_r_cmd_9438678.log","COMPLETED","00:47:11"
"457","/home/p230198/GitHubs/razzo_project_391/run_r_cmd_9438679.log","COMPLETED","01:25:52"
"458","/home/p230198/GitHubs/razzo_project_391/run_r_cmd_9438680.log","COMPLETED","00:06:34"
"459","/home/p230198/GitHubs/razzo_project_391/run_r_cmd_9438681.log","COMPLETED","00:30:30"
"460","/home/p230198/GitHubs/razzo_project_391/run_r_cmd_9438682.log","COMPLETED","00:33:14"
"461","/home/p230198/GitHubs/razzo_project_391/run_r_cmd_9438683.log","COMPLETED","00:54:59"
"462","/home/p230198/GitHubs/razzo_project_391/run_r_cmd_9438684.log","COMPLETED","00:30:33"
"463","/home/p230198/GitHubs/razzo_project_391/run_r_cmd_9438685.log","COMPLETED","00:11:33"
"464","/home/p230198/GitHubs/razzo_project_391/run_r_cmd_9438686.log","COMPLETED","01:00:55"
"465","/home/p230198/GitHubs/razzo_project_391/run_r_cmd_9438687.log","COMPLETED","00:24:12"
"466","/home/p230198/GitHubs/razzo_project_391/run_r_cmd_9438688.log","COMPLETED","00:48:21"
"467","/home/p230198/GitHubs/razzo_project_391/run_r_cmd_9438689.log","COMPLETED","00:20:22"
"468","/home/p230198/GitHubs/razzo_project_391/run_r_cmd_9438690.log","COMPLETED","01:09:59"
"469","/home/p230198/GitHubs/razzo_project_391/run_r_cmd_9438691.log","COMPLETED","01:08:58"
"470","/home/p230198/GitHubs/razzo_project_391/run_r_cmd_9438692.log","COMPLETED","00:47:24"
"471","/home/p230198/GitHubs/razzo_project_391/run_r_cmd_9438693.log","COMPLETED","00:56:45"
"472","/home/p230198/GitHubs/razzo_project_391/run_r_cmd_9438694.log","COMPLETED","01:13:52"
"473","/home/p230198/GitHubs/razzo_project_391/run_r_cmd_9438695.log","COMPLETED","00:33:56"
"474","/home/p230198/GitHubs/razzo_project_391/run_r_cmd_9438696.log","COMPLETED","01:22:45"
"475","/home/p230198/GitHubs/razzo_project_391/run_r_cmd_9438697.log","COMPLETED","00:31:42"
"476","/home/p230198/GitHubs/razzo_project_391/run_r_cmd_9438698.log","COMPLETED","01:54:23"
"477","/home/p230198/GitHubs/razzo_project_391/run_r_cmd_9438699.log","COMPLETED","00:04:34"
"478","/home/p230198/GitHubs/razzo_project_391/run_r_cmd_9438700.log","COMPLETED","00:41:06"
"479","/home/p230198/GitHubs/razzo_project_391/run_r_cmd_9438701.log","COMPLETED","00:05:28"
"480","/home/p230198/GitHubs/razzo_project_391/run_r_cmd_9438702.log","COMPLETED","00:02:51"
"481","/home/p230198/GitHubs/razzo_project_391/run_r_cmd_9438703.log","COMPLETED","00:42:27"
"482","/home/p230198/GitHubs/razzo_project_391/run_r_cmd_9438704.log","COMPLETED","00:47:32"
"483","/home/p230198/GitHubs/razzo_project_391/run_r_cmd_9438705.log","COMPLETED","00:17:21"
"484","/home/p230198/GitHubs/razzo_project_391/run_r_cmd_9438706.log","COMPLETED","00:30:44"
"485","/home/p230198/GitHubs/razzo_project_391/run_r_cmd_9438707.log","COMPLETED","00:03:42"
"486","/home/p230198/GitHubs/razzo_project_391/run_r_cmd_9438708.log","COMPLETED","00:12:53"
"487","/home/p230198/GitHubs/razzo_project_391/run_r_cmd_9438709.log","COMPLETED","00:06:43"
"488","/home/p230198/GitHubs/razzo_project_391/run_r_cmd_9438710.log","COMPLETED","00:05:07"
"489","/home/p230198/GitHubs/razzo_project_391/run_r_cmd_9438711.log","COMPLETED","01:30:18"
"490","/home/p230198/GitHubs/razzo_project_391/run_r_cmd_9438712.log","COMPLETED","00:05:32"
"491","/home/p230198/GitHubs/razzo_project_391/run_r_cmd_9438713.log","COMPLETED","00:51:51"
"492","/home/p230198/GitHubs/razzo_project_391/run_r_cmd_9438714.log","COMPLETED","00:42:54"
"493","/home/p230198/GitHubs/razzo_project_391/run_r_cmd_9438715.log","COMPLETED","00:34:31"
"494","/home/p230198/GitHubs/razzo_project_391/run_r_cmd_9438716.log","COMPLETED","00:20:50"
"495","/home/p230198/GitHubs/razzo_project_391/run_r_cmd_9438717.log","COMPLETED","00:21:01"
"496","/home/p230198/GitHubs/razzo_project_391/run_r_cmd_9438718.log","COMPLETED","00:23:40"
"497","/home/p230198/GitHubs/razzo_project_391/run_r_cmd_9438719.log","COMPLETED","00:11:48"
"498","/home/p230198/GitHubs/razzo_project_391/run_r_cmd_9438720.log","COMPLETED","00:09:37"
"499","/home/p230198/GitHubs/razzo_project_391/run_r_cmd_9438721.log","COMPLETED","01:03:55"
"500","/home/p230198/GitHubs/razzo_project_391/run_r_cmd_9438722.log","COMPLETED","00:15:27"
"501","/home/p230198/GitHubs/razzo_project_391/run_r_cmd_9438723.log","COMPLETED","00:35:35"
"502","/home/p230198/GitHubs/razzo_project_391/run_r_cmd_9438724.log","COMPLETED","00:06:02"
"503","/home/p230198/GitHubs/razzo_project_391/run_r_cmd_9438725.log","COMPLETED","01:07:16"
"504","/home/p230198/GitHubs/razzo_project_391/run_r_cmd_9438726.log","COMPLETED","00:41:05"
"505","/home/p230198/GitHubs/razzo_project_391/run_r_cmd_9438727.log","COMPLETED","00:09:25"
"506","/home/p230198/GitHubs/razzo_project_391/run_r_cmd_9438728.log","COMPLETED","00:34:53"
"507","/home/p230198/GitHubs/razzo_project_391/run_r_cmd_9438729.log","COMPLETED","00:14:04"
"508","/home/p230198/GitHubs/razzo_project_391/run_r_cmd_9438730.log","COMPLETED","00:58:08"
"509","/home/p230198/GitHubs/razzo_project_391/run_r_cmd_9438731.log","COMPLETED","01:03:15"
"510","/home/p230198/GitHubs/razzo_project_391/run_r_cmd_9438732.log","COMPLETED","00:31:47"
"511","/home/p230198/GitHubs/razzo_project_391/run_r_cmd_9438733.log","COMPLETED","00:33:03"
"512","/home/p230198/GitHubs/razzo_project_391/run_r_cmd_9438734.log","COMPLETED","00:27:30"
"513","/home/p230198/GitHubs/razzo_project_391/run_r_cmd_9438735.log","COMPLETED","01:09:29"
"514","/home/p230198/GitHubs/razzo_project_391/run_r_cmd_9438736.log","COMPLETED","00:02:41"
"515","/home/p230198/GitHubs/razzo_project_391/run_r_cmd_9438737.log","COMPLETED","00:48:16"
"516","/home/p230198/GitHubs/razzo_project_391/run_r_cmd_9438738.log","COMPLETED","00:10:53"
"517","/home/p230198/GitHubs/razzo_project_391/run_r_cmd_9438739.log","COMPLETED","01:08:35"
"518","/home/p230198/GitHubs/razzo_project_391/run_r_cmd_9438740.log","COMPLETED","00:19:35"
"519","/home/p230198/GitHubs/razzo_project_391/run_r_cmd_9438741.log","COMPLETED","00:36:31"
"520","/home/p230198/GitHubs/razzo_project_391/run_r_cmd_9438742.log","COMPLETED","00:02:38"
"521","/home/p230198/GitHubs/razzo_project_391/run_r_cmd_9438743.log","COMPLETED","01:50:10"
"522","/home/p230198/GitHubs/razzo_project_391/run_r_cmd_9438744.log","COMPLETED","02:38:00"
"523","/home/p230198/GitHubs/razzo_project_391/run_r_cmd_9438745.log","COMPLETED","02:45:01"
"524","/home/p230198/GitHubs/razzo_project_391/run_r_cmd_9438746.log","COMPLETED","00:59:24"
"525","/home/p230198/GitHubs/razzo_project_391/run_r_cmd_9438747.log","COMPLETED","00:22:31"
"526","/home/p230198/GitHubs/razzo_project_391/run_r_cmd_9438748.log","COMPLETED","00:30:42"
"527","/home/p230198/GitHubs/razzo_project_391/run_r_cmd_9438749.log","COMPLETED","02:17:59"
"528","/home/p230198/GitHubs/razzo_project_391/run_r_cmd_9438750.log","COMPLETED","00:30:03"
"529","/home/p230198/GitHubs/razzo_project_391/run_r_cmd_9438751.log","COMPLETED","01:20:42"
"530","/home/p230198/GitHubs/razzo_project_391/run_r_cmd_9438752.log","COMPLETED","03:51:27"
"531","/home/p230198/GitHubs/razzo_project_391/run_r_cmd_9438753.log","COMPLETED","01:20:56"
"532","/home/p230198/GitHubs/razzo_project_391/run_r_cmd_9438754.log","COMPLETED","01:18:02"
"533","/home/p230198/GitHubs/razzo_project_391/run_r_cmd_9438755.log","COMPLETED","02:19:54"
"534","/home/p230198/GitHubs/razzo_project_391/run_r_cmd_9438756.log","COMPLETED","00:26:21"
"535","/home/p230198/GitHubs/razzo_project_391/run_r_cmd_9438757.log","COMPLETED","01:29:18"
"536","/home/p230198/GitHubs/razzo_project_391/run_r_cmd_9438758.log","COMPLETED","00:32:31"
"537","/home/p230198/GitHubs/razzo_project_391/run_r_cmd_9438759.log","COMPLETED","01:23:19"
"538","/home/p230198/GitHubs/razzo_project_391/run_r_cmd_9438760.log","COMPLETED","00:02:58"
"539","/home/p230198/GitHubs/razzo_project_391/run_r_cmd_9438761.log","COMPLETED","02:22:19"
"540","/home/p230198/GitHubs/razzo_project_391/run_r_cmd_9438762.log","COMPLETED","02:30:59"
"541","/home/p230198/GitHubs/razzo_project_391/run_r_cmd_9438763.log","COMPLETED","01:27:20"
"542","/home/p230198/GitHubs/razzo_project_391/run_r_cmd_9438764.log","COMPLETED","03:08:20"
"543","/home/p230198/GitHubs/razzo_project_391/run_r_cmd_9438765.log","COMPLETED","01:27:40"
"544","/home/p230198/GitHubs/razzo_project_391/run_r_cmd_9438766.log","COMPLETED","03:59:48"
"545","/home/p230198/GitHubs/razzo_project_391/run_r_cmd_9438767.log","COMPLETED","02:44:26"
"546","/home/p230198/GitHubs/razzo_project_391/run_r_cmd_9438768.log","COMPLETED","00:24:08"
"547","/home/p230198/GitHubs/razzo_project_391/run_r_cmd_9438769.log","COMPLETED","01:03:51"
"548","/home/p230198/GitHubs/razzo_project_391/run_r_cmd_9438770.log","COMPLETED","01:27:38"
"549","/home/p230198/GitHubs/razzo_project_391/run_r_cmd_9438771.log","COMPLETED","01:43:29"
"550","/home/p230198/GitHubs/razzo_project_391/run_r_cmd_9438772.log","COMPLETED","01:31:45"
"551","/home/p230198/GitHubs/razzo_project_391/run_r_cmd_9438773.log","COMPLETED","03:54:32"
"552","/home/p230198/GitHubs/razzo_project_391/run_r_cmd_9438774.log","COMPLETED","04:20:42"
"553","/home/p230198/GitHubs/razzo_project_391/run_r_cmd_9438775.log","COMPLETED","03:21:19"
"554","/home/p230198/GitHubs/razzo_project_391/run_r_cmd_9438776.log","COMPLETED","02:27:27"
"555","/home/p230198/GitHubs/razzo_project_391/run_r_cmd_9438777.log","COMPLETED","03:54:55"
"556","/home/p230198/GitHubs/razzo_project_391/run_r_cmd_9438778.log","COMPLETED","01:56:31"
"557","/home/p230198/GitHubs/razzo_project_391/run_r_cmd_9438779.log","COMPLETED","09:56:34"
"558","/home/p230198/GitHubs/razzo_project_391/run_r_cmd_9438780.log","COMPLETED","05:00:13"
"559","/home/p230198/GitHubs/razzo_project_391/run_r_cmd_9438781.log","COMPLETED","07:15:50"
"560","/home/p230198/GitHubs/razzo_project_391/run_r_cmd_9438782.log","COMPLETED","02:33:52"
"561","/home/p230198/GitHubs/razzo_project_391/run_r_cmd_9438783.log","COMPLETED","00:33:49"
"562","/home/p230198/GitHubs/razzo_project_391/run_r_cmd_9438784.log","COMPLETED","00:56:32"
"563","/home/p230198/GitHubs/razzo_project_391/run_r_cmd_9438785.log","COMPLETED","00:17:40"
"564","/home/p230198/GitHubs/razzo_project_391/run_r_cmd_9438786.log","COMPLETED","00:38:18"
"565","/home/p230198/GitHubs/razzo_project_391/run_r_cmd_9438787.log","COMPLETED","00:42:35"
"566","/home/p230198/GitHubs/razzo_project_391/run_r_cmd_9438788.log","COMPLETED","00:17:43"
"567","/home/p230198/GitHubs/razzo_project_391/run_r_cmd_9438789.log","COMPLETED","00:43:42"
"568","/home/p230198/GitHubs/razzo_project_391/run_r_cmd_9438790.log","COMPLETED","00:31:48"
"569","/home/p230198/GitHubs/razzo_project_391/run_r_cmd_9438791.log","COMPLETED","00:55:30"
"570","/home/p230198/GitHubs/razzo_project_391/run_r_cmd_9438792.log","COMPLETED","00:39:35"
"571","/home/p230198/GitHubs/razzo_project_391/run_r_cmd_9438793.log","COMPLETED","00:39:56"
"572","/home/p230198/GitHubs/razzo_project_391/run_r_cmd_9438794.log","COMPLETED","01:16:07"
"573","/home/p230198/GitHubs/razzo_project_391/run_r_cmd_9438795.log","COMPLETED","01:05:33"
"574","/home/p230198/GitHubs/razzo_project_391/run_r_cmd_9438796.log","COMPLETED","00:06:47"
"575","/home/p230198/GitHubs/razzo_project_391/run_r_cmd_9438797.log","COMPLETED","00:27:24"
"576","/home/p230198/GitHubs/razzo_project_391/run_r_cmd_9438798.log","COMPLETED","00:02:47"
"577","/home/p230198/GitHubs/razzo_project_391/run_r_cmd_9438799.log","COMPLETED","00:32:34"
"578","/home/p230198/GitHubs/razzo_project_391/run_r_cmd_9438800.log","COMPLETED","01:10:54"
"579","/home/p230198/GitHubs/razzo_project_391/run_r_cmd_9438801.log","COMPLETED","00:49:22"
"580","/home/p230198/GitHubs/razzo_project_391/run_r_cmd_9438802.log","RUNNING",NA
"581","/home/p230198/GitHubs/razzo_project_391/run_r_cmd_9438803.log","COMPLETED","00:33:21"
"582","/home/p230198/GitHubs/razzo_project_391/run_r_cmd_9438804.log","COMPLETED","00:06:18"
"583","/home/p230198/GitHubs/razzo_project_391/run_r_cmd_9438805.log","COMPLETED","01:19:41"
"584","/home/p230198/GitHubs/razzo_project_391/run_r_cmd_9438806.log","COMPLETED","00:15:47"
"585","/home/p230198/GitHubs/razzo_project_391/run_r_cmd_9438807.log","COMPLETED","00:24:40"
"586","/home/p230198/GitHubs/razzo_project_391/run_r_cmd_9438808.log","COMPLETED","01:09:59"
"587","/home/p230198/GitHubs/razzo_project_391/run_r_cmd_9438809.log","COMPLETED","00:30:32"
"588","/home/p230198/GitHubs/razzo_project_391/run_r_cmd_9438810.log","COMPLETED","00:04:53"
"589","/home/p230198/GitHubs/razzo_project_391/run_r_cmd_9438811.log","COMPLETED","01:09:58"
"590","/home/p230198/GitHubs/razzo_project_391/run_r_cmd_9438812.log","COMPLETED","00:32:48"
"591","/home/p230198/GitHubs/razzo_project_391/run_r_cmd_9438813.log","COMPLETED","00:30:32"
"592","/home/p230198/GitHubs/razzo_project_391/run_r_cmd_9438814.log","COMPLETED","00:06:23"
"593","/home/p230198/GitHubs/razzo_project_391/run_r_cmd_9438815.log","COMPLETED","00:05:32"
"594","/home/p230198/GitHubs/razzo_project_391/run_r_cmd_9438816.log","COMPLETED","00:14:55"
"595","/home/p230198/GitHubs/razzo_project_391/run_r_cmd_9438817.log","COMPLETED","00:38:50"
"596","/home/p230198/GitHubs/razzo_project_391/run_r_cmd_9438818.log","COMPLETED","00:51:29"
"597","/home/p230198/GitHubs/razzo_project_391/run_r_cmd_9438819.log","COMPLETED","00:25:54"
"598","/home/p230198/GitHubs/razzo_project_391/run_r_cmd_9438820.log","COMPLETED","01:15:28"
"599","/home/p230198/GitHubs/razzo_project_391/run_r_cmd_9438821.log","COMPLETED","00:19:19"
"600","/home/p230198/GitHubs/razzo_project_391/run_r_cmd_9438822.log","COMPLETED","01:04:25"
"601","/home/p230198/GitHubs/razzo_project_391/run_r_cmd_9438823.log","COMPLETED","01:17:02"
"602","/home/p230198/GitHubs/razzo_project_391/run_r_cmd_9438824.log","COMPLETED","00:37:31"
"603","/home/p230198/GitHubs/razzo_project_391/run_r_cmd_9438825.log","COMPLETED","01:22:54"
"604","/home/p230198/GitHubs/razzo_project_391/run_r_cmd_9438826.log","COMPLETED","01:46:58"
"605","/home/p230198/GitHubs/razzo_project_391/run_r_cmd_9438827.log","COMPLETED","00:27:21"
"606","/home/p230198/GitHubs/razzo_project_391/run_r_cmd_9438828.log","COMPLETED","01:54:05"
"607","/home/p230198/GitHubs/razzo_project_391/run_r_cmd_9438829.log","COMPLETED","01:06:11"
"608","/home/p230198/GitHubs/razzo_project_391/run_r_cmd_9438830.log","COMPLETED","01:13:53"
"609","/home/p230198/GitHubs/razzo_project_391/run_r_cmd_9438831.log","COMPLETED","00:38:22"
"610","/home/p230198/GitHubs/razzo_project_391/run_r_cmd_9438832.log","COMPLETED","01:28:25"
"611","/home/p230198/GitHubs/razzo_project_391/run_r_cmd_9438833.log","COMPLETED","01:18:21"
"612","/home/p230198/GitHubs/razzo_project_391/run_r_cmd_9438834.log","COMPLETED","01:16:48"
"613","/home/p230198/GitHubs/razzo_project_391/run_r_cmd_9438835.log","COMPLETED","01:59:12"
"614","/home/p230198/GitHubs/razzo_project_391/run_r_cmd_9438836.log","COMPLETED","01:12:03"
"615","/home/p230198/GitHubs/razzo_project_391/run_r_cmd_9438837.log","COMPLETED","01:34:10"
"616","/home/p230198/GitHubs/razzo_project_391/run_r_cmd_9438838.log","COMPLETED","00:46:42"
"617","/home/p230198/GitHubs/razzo_project_391/run_r_cmd_9438839.log","COMPLETED","01:33:31"
"618","/home/p230198/GitHubs/razzo_project_391/run_r_cmd_9438840.log","COMPLETED","01:31:30"
"619","/home/p230198/GitHubs/razzo_project_391/run_r_cmd_9438841.log","COMPLETED","00:13:26"
"620","/home/p230198/GitHubs/razzo_project_391/run_r_cmd_9438842.log","COMPLETED","02:04:28"
"621","/home/p230198/GitHubs/razzo_project_391/run_r_cmd_9438843.log","COMPLETED","02:30:12"
"622","/home/p230198/GitHubs/razzo_project_391/run_r_cmd_9438844.log","COMPLETED","00:28:17"
"623","/home/p230198/GitHubs/razzo_project_391/run_r_cmd_9438845.log","COMPLETED","01:39:22"
"624","/home/p230198/GitHubs/razzo_project_391/run_r_cmd_9438846.log","COMPLETED","01:08:06"
"625","/home/p230198/GitHubs/razzo_project_391/run_r_cmd_9438847.log","COMPLETED","01:13:42"
"626","/home/p230198/GitHubs/razzo_project_391/run_r_cmd_9438848.log","COMPLETED","01:15:40"
"627","/home/p230198/GitHubs/razzo_project_391/run_r_cmd_9438849.log","COMPLETED","02:05:46"
"628","/home/p230198/GitHubs/razzo_project_391/run_r_cmd_9438850.log","COMPLETED","00:33:46"
"629","/home/p230198/GitHubs/razzo_project_391/run_r_cmd_9438851.log","COMPLETED","01:27:33"
"630","/home/p230198/GitHubs/razzo_project_391/run_r_cmd_9438852.log","COMPLETED","00:12:04"
"631","/home/p230198/GitHubs/razzo_project_391/run_r_cmd_9438853.log","COMPLETED","00:52:59"
"632","/home/p230198/GitHubs/razzo_project_391/run_r_cmd_9438854.log","COMPLETED","00:54:16"
"633","/home/p230198/GitHubs/razzo_project_391/run_r_cmd_9438855.log","COMPLETED","01:06:43"
"634","/home/p230198/GitHubs/razzo_project_391/run_r_cmd_9438856.log","COMPLETED","00:37:19"
"635","/home/p230198/GitHubs/razzo_project_391/run_r_cmd_9438857.log","COMPLETED","01:17:42"
"636","/home/p230198/GitHubs/razzo_project_391/run_r_cmd_9438858.log","COMPLETED","01:07:35"
"637","/home/p230198/GitHubs/razzo_project_391/run_r_cmd_9438859.log","COMPLETED","01:27:39"
"638","/home/p230198/GitHubs/razzo_project_391/run_r_cmd_9438860.log","COMPLETED","00:18:31"
"639","/home/p230198/GitHubs/razzo_project_391/run_r_cmd_9438861.log","COMPLETED","03:47:46"
"640","/home/p230198/GitHubs/razzo_project_391/run_r_cmd_9438862.log","COMPLETED","01:57:26"
"641","/home/p230198/GitHubs/razzo_project_391/run_r_cmd_9438863.log","COMPLETED","00:43:25"
"642","/home/p230198/GitHubs/razzo_project_391/run_r_cmd_9438864.log","COMPLETED","01:08:19"
"643","/home/p230198/GitHubs/razzo_project_391/run_r_cmd_9438865.log","COMPLETED","01:13:26"
"644","/home/p230198/GitHubs/razzo_project_391/run_r_cmd_9438866.log","COMPLETED","00:42:57"
"645","/home/p230198/GitHubs/razzo_project_391/run_r_cmd_9438867.log","COMPLETED","02:11:19"
"646","/home/p230198/GitHubs/razzo_project_391/run_r_cmd_9438868.log","COMPLETED","00:13:03"
"647","/home/p230198/GitHubs/razzo_project_391/run_r_cmd_9438869.log","COMPLETED","02:56:29"
"648","/home/p230198/GitHubs/razzo_project_391/run_r_cmd_9438870.log","COMPLETED","03:25:09"
"649","/home/p230198/GitHubs/razzo_project_391/run_r_cmd_9438871.log","COMPLETED","02:18:13"
"650","/home/p230198/GitHubs/razzo_project_391/run_r_cmd_9438872.log","COMPLETED","02:36:47"
"651","/home/p230198/GitHubs/razzo_project_391/run_r_cmd_9438873.log","COMPLETED","00:15:10"
"652","/home/p230198/GitHubs/razzo_project_391/run_r_cmd_9438874.log","COMPLETED","03:23:40"
"653","/home/p230198/GitHubs/razzo_project_391/run_r_cmd_9438875.log","COMPLETED","01:59:25"
"654","/home/p230198/GitHubs/razzo_project_391/run_r_cmd_9438876.log","COMPLETED","03:51:50"
"655","/home/p230198/GitHubs/razzo_project_391/run_r_cmd_9438877.log","COMPLETED","03:18:06"
"656","/home/p230198/GitHubs/razzo_project_391/run_r_cmd_9438878.log","COMPLETED","03:12:03"
"657","/home/p230198/GitHubs/razzo_project_391/run_r_cmd_9438879.log","COMPLETED","02:34:12"
"658","/home/p230198/GitHubs/razzo_project_391/run_r_cmd_9438880.log","COMPLETED","04:02:01"
"659","/home/p230198/GitHubs/razzo_project_391/run_r_cmd_9438881.log","COMPLETED","02:19:02"
"660","/home/p230198/GitHubs/razzo_project_391/run_r_cmd_9438882.log","COMPLETED","01:11:18"
"661","/home/p230198/GitHubs/razzo_project_391/run_r_cmd_9438883.log","COMPLETED","01:25:16"
"662","/home/p230198/GitHubs/razzo_project_391/run_r_cmd_9438884.log","COMPLETED","02:54:05"
"663","/home/p230198/GitHubs/razzo_project_391/run_r_cmd_9438885.log","COMPLETED","01:48:39"
"664","/home/p230198/GitHubs/razzo_project_391/run_r_cmd_9438886.log","COMPLETED","06:10:13"
"665","/home/p230198/GitHubs/razzo_project_391/run_r_cmd_9438887.log","COMPLETED","01:05:44"
"666","/home/p230198/GitHubs/razzo_project_391/run_r_cmd_9438888.log","COMPLETED","10:15:49"
"667","/home/p230198/GitHubs/razzo_project_391/run_r_cmd_9438889.log","COMPLETED","01:05:46"
"668","/home/p230198/GitHubs/razzo_project_391/run_r_cmd_9438890.log","COMPLETED","02:21:48"
"669","/home/p230198/GitHubs/razzo_project_391/run_r_cmd_9438891.log","COMPLETED","01:42:40"
"670","/home/p230198/GitHubs/razzo_project_391/run_r_cmd_9438892.log","COMPLETED","01:48:59"
"671","/home/p230198/GitHubs/razzo_project_391/run_r_cmd_9438893.log","COMPLETED","02:01:23"
"672","/home/p230198/GitHubs/razzo_project_391/run_r_cmd_9438894.log","COMPLETED","03:10:18"
"673","/home/p230198/GitHubs/razzo_project_391/run_r_cmd_9438895.log","COMPLETED","01:32:31"
"674","/home/p230198/GitHubs/razzo_project_391/run_r_cmd_9438897.log","COMPLETED","02:05:34"
"675","/home/p230198/GitHubs/razzo_project_391/run_r_cmd_9438898.log","COMPLETED","00:25:15"
"676","/home/p230198/GitHubs/razzo_project_391/run_r_cmd_9438899.log","COMPLETED","01:26:26"
"677","/home/p230198/GitHubs/razzo_project_391/run_r_cmd_9438900.log","COMPLETED","03:03:09"
"678","/home/p230198/GitHubs/razzo_project_391/run_r_cmd_9438901.log","COMPLETED","02:25:11"
"679","/home/p230198/GitHubs/razzo_project_391/run_r_cmd_9438902.log","COMPLETED","03:47:48"
"680","/home/p230198/GitHubs/razzo_project_391/run_r_cmd_9438903.log","COMPLETED","01:44:28"
"681","/home/p230198/GitHubs/razzo_project_391/run_r_cmd_9438904.log","RUNNING",NA
"682","/home/p230198/GitHubs/razzo_project_391/run_r_cmd_9438905.log","COMPLETED","01:42:31"
"683","/home/p230198/GitHubs/razzo_project_391/run_r_cmd_9438906.log","COMPLETED","03:03:20"
"684","/home/p230198/GitHubs/razzo_project_391/run_r_cmd_9438907.log","COMPLETED","00:22:42"
"685","/home/p230198/GitHubs/razzo_project_391/run_r_cmd_9438908.log","COMPLETED","02:36:50"
"686","/home/p230198/GitHubs/razzo_project_391/run_r_cmd_9438909.log","COMPLETED","01:24:05"
"687","/home/p230198/GitHubs/razzo_project_391/run_r_cmd_9438910.log","COMPLETED","02:55:10"
"688","/home/p230198/GitHubs/razzo_project_391/run_r_cmd_9438911.log","COMPLETED","02:05:10"
"689","/home/p230198/GitHubs/razzo_project_391/run_r_cmd_9438912.log","COMPLETED","02:01:45"
"690","/home/p230198/GitHubs/razzo_project_391/run_r_cmd_9438914.log","COMPLETED","01:41:20"
"691","/home/p230198/GitHubs/razzo_project_391/run_r_cmd_9438915.log","COMPLETED","03:00:06"
"692","/home/p230198/GitHubs/razzo_project_391/run_r_cmd_9438916.log","COMPLETED","00:08:48"
"693","/home/p230198/GitHubs/razzo_project_391/run_r_cmd_9438917.log","COMPLETED","01:45:56"
"694","/home/p230198/GitHubs/razzo_project_391/run_r_cmd_9438918.log","COMPLETED","02:12:14"
"695","/home/p230198/GitHubs/razzo_project_391/run_r_cmd_9438919.log","COMPLETED","00:02:41"
"696","/home/p230198/GitHubs/razzo_project_391/run_r_cmd_9438920.log","COMPLETED","01:39:12"
"697","/home/p230198/GitHubs/razzo_project_391/run_r_cmd_9438921.log","COMPLETED","02:04:46"
"698","/home/p230198/GitHubs/razzo_project_391/run_r_cmd_9438922.log","COMPLETED","01:06:05"
"699","/home/p230198/GitHubs/razzo_project_391/run_r_cmd_9438923.log","COMPLETED","00:53:31"
"700","/home/p230198/GitHubs/razzo_project_391/run_r_cmd_9438924.log","COMPLETED","01:38:57"
"701","/home/p230198/GitHubs/razzo_project_391/run_r_cmd_9438925.log","COMPLETED","01:18:55"
"702","/home/p230198/GitHubs/razzo_project_391/run_r_cmd_9438926.log","COMPLETED","02:22:19"
"703","/home/p230198/GitHubs/razzo_project_391/run_r_cmd_9438927.log","COMPLETED","02:45:33"
"704","/home/p230198/GitHubs/razzo_project_391/run_r_cmd_9438928.log","COMPLETED","01:24:26"
"705","/home/p230198/GitHubs/razzo_project_391/run_r_cmd_9438929.log","COMPLETED","02:10:47"
"706","/home/p230198/GitHubs/razzo_project_391/run_r_cmd_9438930.log","COMPLETED","01:21:51"
"707","/home/p230198/GitHubs/razzo_project_391/run_r_cmd_9438931.log","COMPLETED","01:15:53"
"708","/home/p230198/GitHubs/razzo_project_391/run_r_cmd_9438932.log","COMPLETED","02:39:19"
"709","/home/p230198/GitHubs/razzo_project_391/run_r_cmd_9438933.log","COMPLETED","01:03:51"
"710","/home/p230198/GitHubs/razzo_project_391/run_r_cmd_9438934.log","COMPLETED","01:19:11"
"711","/home/p230198/GitHubs/razzo_project_391/run_r_cmd_9438935.log","COMPLETED","00:05:38"
"712","/home/p230198/GitHubs/razzo_project_391/run_r_cmd_9438936.log","COMPLETED","01:49:34"
"713","/home/p230198/GitHubs/razzo_project_391/run_r_cmd_9438937.log","COMPLETED","01:48:43"
"714","/home/p230198/GitHubs/razzo_project_391/run_r_cmd_9438938.log","COMPLETED","00:21:27"
"715","/home/p230198/GitHubs/razzo_project_391/run_r_cmd_9438939.log","COMPLETED","03:28:45"
"716","/home/p230198/GitHubs/razzo_project_391/run_r_cmd_9438940.log","COMPLETED","02:52:07"
"717","/home/p230198/GitHubs/razzo_project_391/run_r_cmd_9438941.log","COMPLETED","00:46:28"
"718","/home/p230198/GitHubs/razzo_project_391/run_r_cmd_9438942.log","COMPLETED","03:16:09"
"719","/home/p230198/GitHubs/razzo_project_391/run_r_cmd_9438943.log","COMPLETED","00:08:06"
"720","/home/p230198/GitHubs/razzo_project_391/run_r_cmd_9438944.log","COMPLETED","02:00:06"
"721","/home/p230198/GitHubs/razzo_project_391/run_r_cmd_9438945.log","COMPLETED","04:00:17"
"722","/home/p230198/GitHubs/razzo_project_391/run_r_cmd_9438946.log","COMPLETED","00:04:55"
"723","/home/p230198/GitHubs/razzo_project_391/run_r_cmd_9438947.log","COMPLETED","01:30:15"
"724","/home/p230198/GitHubs/razzo_project_391/run_r_cmd_9438948.log","COMPLETED","00:28:24"
"725","/home/p230198/GitHubs/razzo_project_391/run_r_cmd_9438949.log","COMPLETED","05:00:38"
"726","/home/p230198/GitHubs/razzo_project_391/run_r_cmd_9438950.log","COMPLETED","02:54:53"
"727","/home/p230198/GitHubs/razzo_project_391/run_r_cmd_9438951.log","COMPLETED","00:42:04"
"728","/home/p230198/GitHubs/razzo_project_391/run_r_cmd_9438952.log","COMPLETED","02:34:06"
"729","/home/p230198/GitHubs/razzo_project_391/run_r_cmd_9438953.log","COMPLETED","01:03:17"
"730","/home/p230198/GitHubs/razzo_project_391/run_r_cmd_9438954.log","COMPLETED","00:02:33"
"731","/home/p230198/GitHubs/razzo_project_391/run_r_cmd_9438955.log","COMPLETED","02:29:01"
"732","/home/p230198/GitHubs/razzo_project_391/run_r_cmd_9438956.log","COMPLETED","02:04:26"
"733","/home/p230198/GitHubs/razzo_project_391/run_r_cmd_9438957.log","COMPLETED","02:24:04"
"734","/home/p230198/GitHubs/razzo_project_391/run_r_cmd_9438958.log","COMPLETED","03:55:18"
"735","/home/p230198/GitHubs/razzo_project_391/run_r_cmd_9438959.log","COMPLETED","02:11:40"
"736","/home/p230198/GitHubs/razzo_project_391/run_r_cmd_9438960.log","COMPLETED","01:14:58"
"737","/home/p230198/GitHubs/razzo_project_391/run_r_cmd_9438961.log","COMPLETED","02:47:19"
"738","/home/p230198/GitHubs/razzo_project_391/run_r_cmd_9438962.log","COMPLETED","01:36:20"
"739","/home/p230198/GitHubs/razzo_project_391/run_r_cmd_9438963.log","COMPLETED","01:05:01"
"740","/home/p230198/GitHubs/razzo_project_391/run_r_cmd_9438964.log","COMPLETED","01:31:29"
"741","/home/p230198/GitHubs/razzo_project_391/run_r_cmd_9438965.log","COMPLETED","00:30:08"
"742","/home/p230198/GitHubs/razzo_project_391/run_r_cmd_9438966.log","COMPLETED","01:57:15"
"743","/home/p230198/GitHubs/razzo_project_391/run_r_cmd_9438967.log","COMPLETED","00:20:12"
"744","/home/p230198/GitHubs/razzo_project_391/run_r_cmd_9438968.log","COMPLETED","00:50:39"
"745","/home/p230198/GitHubs/razzo_project_391/run_r_cmd_9438969.log","COMPLETED","01:43:52"
"746","/home/p230198/GitHubs/razzo_project_391/run_r_cmd_9438970.log","COMPLETED","01:03:50"
"747","/home/p230198/GitHubs/razzo_project_391/run_r_cmd_9438971.log","COMPLETED","02:05:37"
"748","/home/p230198/GitHubs/razzo_project_391/run_r_cmd_9438972.log","COMPLETED","02:37:01"
"749","/home/p230198/GitHubs/razzo_project_391/run_r_cmd_9438973.log","COMPLETED","00:54:15"
"750","/home/p230198/GitHubs/razzo_project_391/run_r_cmd_9438974.log","COMPLETED","01:01:11"
"751","/home/p230198/GitHubs/razzo_project_391/run_r_cmd_9438975.log","COMPLETED","01:31:00"
"752","/home/p230198/GitHubs/razzo_project_391/run_r_cmd_9438976.log","COMPLETED","01:52:46"
"753","/home/p230198/GitHubs/razzo_project_391/run_r_cmd_9438977.log","COMPLETED","02:37:45"
"754","/home/p230198/GitHubs/razzo_project_391/run_r_cmd_9438978.log","COMPLETED","02:39:12"
"755","/home/p230198/GitHubs/razzo_project_391/run_r_cmd_9438979.log","COMPLETED","02:09:39"
"756","/home/p230198/GitHubs/razzo_project_391/run_r_cmd_9438980.log","COMPLETED","01:42:14"
"757","/home/p230198/GitHubs/razzo_project_391/run_r_cmd_9438981.log","COMPLETED","02:30:07"
"758","/home/p230198/GitHubs/razzo_project_391/run_r_cmd_9438982.log","COMPLETED","02:32:20"
"759","/home/p230198/GitHubs/razzo_project_391/run_r_cmd_9438983.log","COMPLETED","02:29:49"
"760","/home/p230198/GitHubs/razzo_project_391/run_r_cmd_9438984.log","COMPLETED","02:43:12"
"761","/home/p230198/GitHubs/razzo_project_391/run_r_cmd_9438985.log","COMPLETED","00:48:09"
"762","/home/p230198/GitHubs/razzo_project_391/run_r_cmd_9438986.log","COMPLETED","00:33:46"
"763","/home/p230198/GitHubs/razzo_project_391/run_r_cmd_9438987.log","COMPLETED","00:47:57"
"764","/home/p230198/GitHubs/razzo_project_391/run_r_cmd_9438988.log","COMPLETED","00:49:55"
"765","/home/p230198/GitHubs/razzo_project_391/run_r_cmd_9438989.log","COMPLETED","01:12:31"
"766","/home/p230198/GitHubs/razzo_project_391/run_r_cmd_9438990.log","COMPLETED","00:53:14"
"767","/home/p230198/GitHubs/razzo_project_391/run_r_cmd_9438991.log","COMPLETED","00:39:24"
"768","/home/p230198/GitHubs/razzo_project_391/run_r_cmd_9438992.log","COMPLETED","00:56:27"
"769","/home/p230198/GitHubs/razzo_project_391/run_r_cmd_9438993.log","COMPLETED","00:22:36"
"770","/home/p230198/GitHubs/razzo_project_391/run_r_cmd_9438994.log","COMPLETED","00:51:28"
"771","/home/p230198/GitHubs/razzo_project_391/run_r_cmd_9438995.log","COMPLETED","01:00:46"
"772","/home/p230198/GitHubs/razzo_project_391/run_r_cmd_9438996.log","COMPLETED","00:07:17"
"773","/home/p230198/GitHubs/razzo_project_391/run_r_cmd_9438997.log","COMPLETED","00:38:44"
"774","/home/p230198/GitHubs/razzo_project_391/run_r_cmd_9438998.log","COMPLETED","01:07:09"
"775","/home/p230198/GitHubs/razzo_project_391/run_r_cmd_9438999.log","COMPLETED","00:11:45"
"776","/home/p230198/GitHubs/razzo_project_391/run_r_cmd_9439000.log","COMPLETED","00:05:29"
"777","/home/p230198/GitHubs/razzo_project_391/run_r_cmd_9439001.log","COMPLETED","01:27:49"
"778","/home/p230198/GitHubs/razzo_project_391/run_r_cmd_9439002.log","COMPLETED","00:30:08"
"779","/home/p230198/GitHubs/razzo_project_391/run_r_cmd_9439003.log","COMPLETED","00:48:06"
"780","/home/p230198/GitHubs/razzo_project_391/run_r_cmd_9439004.log","COMPLETED","01:01:43"
"781","/home/p230198/GitHubs/razzo_project_391/run_r_cmd_9439005.log","COMPLETED","00:38:47"
"782","/home/p230198/GitHubs/razzo_project_391/run_r_cmd_9439006.log","COMPLETED","01:54:22"
"783","/home/p230198/GitHubs/razzo_project_391/run_r_cmd_9439007.log","COMPLETED","00:40:55"
"784","/home/p230198/GitHubs/razzo_project_391/run_r_cmd_9439008.log","COMPLETED","00:41:46"
"785","/home/p230198/GitHubs/razzo_project_391/run_r_cmd_9439009.log","COMPLETED","00:48:49"
"786","/home/p230198/GitHubs/razzo_project_391/run_r_cmd_9439010.log","COMPLETED","00:06:05"
"787","/home/p230198/GitHubs/razzo_project_391/run_r_cmd_9439011.log","COMPLETED","00:03:28"
"788","/home/p230198/GitHubs/razzo_project_391/run_r_cmd_9439012.log","COMPLETED","02:15:06"
"789","/home/p230198/GitHubs/razzo_project_391/run_r_cmd_9439013.log","COMPLETED","00:48:37"
"790","/home/p230198/GitHubs/razzo_project_391/run_r_cmd_9439014.log","COMPLETED","01:55:11"
"791","/home/p230198/GitHubs/razzo_project_391/run_r_cmd_9439015.log","RUNNING",NA
"792","/home/p230198/GitHubs/razzo_project_391/run_r_cmd_9439016.log","COMPLETED","00:20:47"
"793","/home/p230198/GitHubs/razzo_project_391/run_r_cmd_9439017.log","COMPLETED","00:41:00"
"794","/home/p230198/GitHubs/razzo_project_391/run_r_cmd_9439018.log","COMPLETED","01:01:21"
"795","/home/p230198/GitHubs/razzo_project_391/run_r_cmd_9439019.log","COMPLETED","00:19:20"
"796","/home/p230198/GitHubs/razzo_project_391/run_r_cmd_9439020.log","COMPLETED","01:32:29"
"797","/home/p230198/GitHubs/razzo_project_391/run_r_cmd_9439021.log","COMPLETED","02:16:49"
"798","/home/p230198/GitHubs/razzo_project_391/run_r_cmd_9439022.log","COMPLETED","01:27:22"
"799","/home/p230198/GitHubs/razzo_project_391/run_r_cmd_9439023.log","COMPLETED","00:03:06"
"800","/home/p230198/GitHubs/razzo_project_391/run_r_cmd_9439024.log","COMPLETED","00:03:35"
